Country Name;Country Code;Indicator Name;Indicator Code;2000;2001;2002;2003;2004;2005;2006;2007;2008;2009;2010;2011;2012;2013;2014
Aruba;ABW;Renewable energy consumption (% of total final energy consumption);EG.FEC.RNEW.ZS;0,166552325;0,180523335;0,181390813;0,184549671;0,187054711;0,186599365;0,189937143;0,190059132;0,193546026;0,299773735;5,464716202;5,661788966;6,855849661;6,894805132;6,922233528
Afghanistan;AFG;Renewable energy consumption (% of total final energy consumption);EG.FEC.RNEW.ZS;54,24314016;54,05503375;43,56611455;41,73546975;49,1882979;40,8591841;37,13725354;33,86258384;21,34371431;17,81385523;14,83980856;10,79382842;13,97358428;14,2784545;16,74899642
Angola;AGO;Renewable energy consumption (% of total final energy consumption);EG.FEC.RNEW.ZS;74,61817619;73,75785022;72,12512104;67,30612009;65,49305828;70,9541867;65,02257509;61,59968988;58,10798497;55,74897111;54,19382515;52,71568659;52,24573331;50,68611065;50,79746645
Albania;ALB;Renewable energy consumption (% of total final energy consumption);EG.FEC.RNEW.ZS;41,44540901;39,12566318;35,89629494;33,75273352;35,93587219;36,86948271;31,7101944;32,10093689;35,91290331;37,21663939;37,1153302;35,9625312;40,0482966;41,2889785;38,6894966
Andorra;AND;Renewable energy consumption (% of total final energy consumption);EG.FEC.RNEW.ZS;14,89066862;15,77387265;16,22181888;16,91230759;16,87442391;16,90244164;17,48599629;16,94077654;17,4227398;17,51595123;19,09072661;18,97154122;19,19553401;19,56370067;19,88632671
Arab World;ARB;Renewable energy consumption (% of total final energy consumption);EG.FEC.RNEW.ZS;6,609492188;6,428116504;6,280341153;6,379258787;6,717755177;6,376818063;6,191523086;5,607123957;5,155973146;5,062191154;4,854648222;4,701779976;4,179735966;4,23188684;4,184590201
United Arab Emirates;ARE;Renewable energy consumption (% of total final energy consumption);EG.FEC.RNEW.ZS;0,076377169;0,064705852;0,066607541;0,06636053;0,100562178;0,105394824;0,120338084;0,119256369;0,118359828;0,118833695;0,122595569;0,120926656;0,119840695;0,132212906;0,16780695
Argentina;ARG;Renewable energy consumption (% of total final energy consumption);EG.FEC.RNEW.ZS;11,07795314;13,04037458;13,28798057;12,51812905;8,348045501;8,957602249;10,18784332;8,887650447;7,609687218;8,574059519;8,961445508;10,11684811;9,866700211;10,22085513;10,77312486
Armenia;ARM;Renewable energy consumption (% of total final energy consumption);EG.FEC.RNEW.ZS;7,164263086;5,41911273;8,899367508;9,81161511;8,707899344;6,491174067;7,652835568;7,017262019;6,405167596;7,800555626;9,359817226;8,009615454;6,565711789;6,771217775;7,724733865
American Samoa;ASM;Renewable energy consumption (% of total final energy consumption);EG.FEC.RNEW.ZS;0;0;0;0;0;0;0;0;0;0;0;0;0,702426564;0,703140481;0,700882475
Antigua and Barbuda;ATG;Renewable energy consumption (% of total final energy consumption);EG.FEC.RNEW.ZS;0;0;0;0;0;0;0;0;0;0;0;0;0;0;0
Australia;AUS;Renewable energy consumption (% of total final energy consumption);EG.FEC.RNEW.ZS;8,423342447;8,37028223;8,738721325;7,139003177;6,668828026;6,711975736;6,857191372;6,951585842;6,797058895;6,765441146;8,552761415;8,472197885;8,443705227;9,320593129;9,497567815
Austria;AUT;Renewable energy consumption (% of total final energy consumption);EG.FEC.RNEW.ZS;26,38785253;25,48367936;24,68486486;22,57879837;23,2193694;24,06483909;26,34641378;28,81565861;29,49512238;30,77362771;30,94887862;31,27288857;33,70120289;34,68700175;35,78392667
Azerbaijan;AZE;Renewable energy consumption (% of total final energy consumption);EG.FEC.RNEW.ZS;2,065645882;1,752523348;2,351898735;2,944781972;3,07078459;3,36519599;2,861586974;3,788700037;3,086307465;3,269144672;4,44973384;3,556331944;2,845521785;2,52609487;2,116818483
Burundi;BDI;Renewable energy consumption (% of total final energy consumption);EG.FEC.RNEW.ZS;93,22568998;96,23083281;96,15680118;97,01558475;97,26518045;97,29141525;96,85641002;96,89274673;96,84611356;96,91966313;96,75783005;96,59420149;93,95870163;94,06923918;90,04661449
Belgium;BEL;Renewable energy consumption (% of total final energy consumption);EG.FEC.RNEW.ZS;1,442220844;1,590953999;1,686934426;1,89223592;2,023157963;2,466273962;2,858267858;3,662478349;4,173553471;5,234541817;5,665493268;6,579992935;7,794053952;8,119470879;9,038057111
Benin;BEN;Renewable energy consumption (% of total final energy consumption);EG.FEC.RNEW.ZS;70,28899493;66,85369457;64,03771482;61,73019805;60,69054742;59,19080495;57,30291964;54,48609529;54,75762219;52,82858677;51,54936882;51,54488347;51,08435493;50,09620289;48,60073637
Burkina Faso;BFA;Renewable energy consumption (% of total final energy consumption);EG.FEC.RNEW.ZS;85,40500224;83,67590654;79,34135471;79,0789719;83,52806541;86,54367116;84,61568027;82,42881979;82,93987711;83,74316441;83,67604226;80,47594604;77,61878072;74,38507461;76,48121026
Bangladesh;BGD;Renewable energy consumption (% of total final energy consumption);EG.FEC.RNEW.ZS;59,00848801;55,79384778;54,32210451;52,63786157;52,12359525;50,77597144;48,90240187;47,48291961;45,60272332;43,71152848;41,07201685;39,45837322;38,63396678;38,82290192;37,48503198
Bulgaria;BGR;Renewable energy consumption (% of total final energy consumption);EG.FEC.RNEW.ZS;7,983177626;7,284526913;8,733318832;9,164046072;9,601411356;9,89132967;10,00376415;8,870486884;9,95069839;11,66017431;14,36752866;13,2770281;15,75145138;18,15701963;16,96708383
Bahrain;BHR;Renewable energy consumption (% of total final energy consumption);EG.FEC.RNEW.ZS;0;0;0;0;0;0;0;0;0;0;0;0;0;0;0
Bahamas, The;BHS;Renewable energy consumption (% of total final energy consumption);EG.FEC.RNEW.ZS;;0,449767772;0,415960383;1,688629142;1,704699457;1,836390911;2,168172692;3,706604247;2,146393822;1,915094489;1,775283188;1,539653511;1,233432128;0,843903234;1,09819653
Bosnia and Herzegovina;BIH;Renewable energy consumption (% of total final energy consumption);EG.FEC.RNEW.ZS;19,35300226;20,27412678;21,21463803;20,14058702;20,10018673;19,7354791;18,12466145;14,84060809;14,27800977;17,43482873;19,56884505;14,1582247;15,27916734;19,47739429;41,74546069
Belarus;BLR;Renewable energy consumption (% of total final energy consumption);EG.FEC.RNEW.ZS;4,982605236;5,52647278;5,762728361;5,597988044;5,655517882;6,153239846;6,488678158;6,622275437;6,487347973;6,778640893;7,016369485;7,378484111;7,249394;7,009208135;6,634181148
Belize;BLZ;Renewable energy consumption (% of total final energy consumption);EG.FEC.RNEW.ZS;34,55259456;29,60839243;31,19301282;30,17495213;32,01770413;31,01284183;36,80160877;32,31068951;34,06291812;26,61718866;33,7103392;31,02376251;37,11449009;35,71882064;36,54403749
Bermuda;BMU;Renewable energy consumption (% of total final energy consumption);EG.FEC.RNEW.ZS;;;;;;;;2,360272529;2,277817265;2,608359778;2,39176811;2,316647681;1,570240046;2,313677861;2,443905905
Bolivia;BOL;Renewable energy consumption (% of total final energy consumption);EG.FEC.RNEW.ZS;27,39057255;28,31460447;27,73588957;26,08480752;24,5079798;23,47907658;22,55407482;21,52959731;20,50598043;19,99221852;20,07779338;19,36849733;17,92323047;18,63526258;16,81796221
Brazil;BRA;Renewable energy consumption (% of total final energy consumption);EG.FEC.RNEW.ZS;42,7987682;41,47788384;43,02456172;45,30866869;45,3899677;46,34793898;46,90506306;47,41762249;47,26330353;49,11372432;47,00665888;45,46854466;43,62080027;42,44777864;41,81093085
Barbados;BRB;Renewable energy consumption (% of total final energy consumption);EG.FEC.RNEW.ZS;13,62129243;12,28920419;11,06937695;9,947790327;9,92989158;9,907097197;9,903064414;9,710461403;8,628639168;9,380154357;9,031333948;4,584401611;4,132185236;3,400369178;3,1677618
Brunei Darussalam;BRN;Renewable energy consumption (% of total final energy consumption);EG.FEC.RNEW.ZS;0;0;0;0;0;0;0;0;0;0;0;0,015830739;0,014790792;0,013528141;0,013976192
Bhutan;BTN;Renewable energy consumption (% of total final energy consumption);EG.FEC.RNEW.ZS;91,39805068;91,74847622;91,20075064;91,9166588;93,45288788;91,66007394;91,92134496;92,1868336;91,99947867;92,6060175;90,89041281;89,43676584;87,8467098;86,8365006;86,660533
Botswana;BWA;Renewable energy consumption (% of total final energy consumption);EG.FEC.RNEW.ZS;36,55527597;35,6662122;34,24984195;34,22901331;32,1228505;30,76437652;29,36829567;27,66678199;27,16077819;28,25990417;30,18609012;30,27250444;30,28457197;30,02804428;29,16849718
Central African Republic;CAF;Renewable energy consumption (% of total final energy consumption);EG.FEC.RNEW.ZS;85,07343264;84,86031624;84,86031624;85,53126869;85,64597658;85,65290408;84,79722678;80,85726148;80,58301525;80,57923497;79,81061431;78,76718233;78,01982117;77,49189797;77,19169954
Canada;CAN;Renewable energy consumption (% of total final energy consumption);EG.FEC.RNEW.ZS;21,51040235;21,00867951;21,76984184;21,18307607;21,58140317;22,0464427;21,92088506;21,91040519;22,6570559;22,58461337;22,14227981;22,65174145;23,09999369;23,04510049;22,57580705
Central Europe and the Baltics;CEB;Renewable energy consumption (% of total final energy consumption);EG.FEC.RNEW.ZS;9,711256505;9,617282952;9,863218496;10,02231827;10,56007364;10,73681999;10,59714973;10,88077189;11,69375201;13,17222265;13,98368421;14,05384855;14,92639778;15,76180451;16,25695417
Switzerland;CHE;Renewable energy consumption (% of total final energy consumption);EG.FEC.RNEW.ZS;18,6334878;19,19707896;18,69929114;18,55831413;18,65381767;19,32968638;18,6848121;19,95550511;20,26250755;20,78023324;21,49331684;21,58707364;22,99273896;23,01775635;23,45222945
Channel Islands;CHI;Renewable energy consumption (% of total final energy consumption);EG.FEC.RNEW.ZS;;;;;;;;;;;;;;;
Chile;CHL;Renewable energy consumption (% of total final energy consumption);EG.FEC.RNEW.ZS;31,36150915;32,14603547;33,06928022;31,61387033;31,43391646;32,26133615;32,90539464;30,45981421;30,82256183;31,51862951;27,03328247;28,77717222;30,3276482;30,17799842;26,41527897
China;CHN;Renewable energy consumption (% of total final energy consumption);EG.FEC.RNEW.ZS;30,25100348;29,6982601;28,50840722;25,81461801;22,51170354;20,78039657;19,66486574;18,62374161;18,4713925;18,16040829;17,41382877;16,3865906;16,82680199;16,89618253;17,09945969
Cote d'Ivoire;CIV;Renewable energy consumption (% of total final energy consumption);EG.FEC.RNEW.ZS;63,71597064;64,72616043;65,32071707;70,31968857;75,51892107;78,06972037;74,91403018;76,44510676;74,31725807;73,67295133;75,49375173;79,56930641;74,90457222;72,02735641;70,83529197
Cameroon;CMR;Renewable energy consumption (% of total final energy consumption);EG.FEC.RNEW.ZS;84,48262099;85,19562464;84,72581871;84,76299682;84,98845387;85,7717979;85,42501627;80,71357625;80,7141257;79,09347134;78,60423834;78,5554783;78,14272111;77,51263709;77,38821693
Congo, Dem. Rep.;COD;Renewable energy consumption (% of total final energy consumption);EG.FEC.RNEW.ZS;97,93995343;98,34260901;98,27002794;97,97167493;97,88227733;97,42186396;97,33285829;97,17172653;96,96544209;97,01888945;96,82782087;96,24516954;95,52835409;94,01224273;92,87131242
Congo, Rep.;COG;Renewable energy consumption (% of total final energy consumption);EG.FEC.RNEW.ZS;64,85333727;61,17510239;68,62921416;62,2114158;63,24140215;63,49458498;69,69289619;60,67788437;57,21898398;56,38771535;55,14975643;64,94712572;65,51148966;62,68743092;62,3685091
Colombia;COL;Renewable energy consumption (% of total final energy consumption);EG.FEC.RNEW.ZS;28,02565811;27,2294956;28,78664553;30,68582144;29,16460796;28,72561886;28,9802234;29,66093115;28,95924046;29,55460943;27,93153355;26,78103797;26,64429522;24,47229805;24,5170199
Comoros;COM;Renewable energy consumption (% of total final energy consumption);EG.FEC.RNEW.ZS;48,25216471;47,9525417;48,44575912;42,86829198;41,83581919;44,28194535;43,37190446;50,1093576;50,94784725;49,81909614;46,40800256;47,7939502;48,00765829;44,08142936;46,49399305
Cabo Verde;CPV;Renewable energy consumption (% of total final energy consumption);EG.FEC.RNEW.ZS;28,97823783;28,18494646;27,86178814;35,25027456;33,96054457;26,61267366;25,07136176;24,96403758;27,61190518;26,16168034;21,73605678;21,62045395;24,4038902;26,12546485;26,19641579
Costa Rica;CRI;Renewable energy consumption (% of total final energy consumption);EG.FEC.RNEW.ZS;32,94784138;32,10903103;32,65262935;33,65981993;39,49662734;42,06059846;42,26487666;42,84338068;43,13020203;42,26680742;42,31125122;40,50212169;38,62385726;38,47938382;37,86890976
Caribbean small states;CSS;Renewable energy consumption (% of total final energy consumption);EG.FEC.RNEW.ZS;13,18334905;11,60802495;12,3038221;11,9947943;11,6626897;10,31375237;10,1527769;8,45528566;8,731510346;9,6024873;9,117122727;9,704090204;9,427274132;8,722676243;8,534481249
Cuba;CUB;Renewable energy consumption (% of total final energy consumption);EG.FEC.RNEW.ZS;34,43080906;34,05063948;34,81081864;33,57159077;33,77568343;26,31836464;21,96805289;18,59355868;18,7318362;16,12421108;13,15763079;16,68021251;17,10234945;16,88796399;18,74847139
Curacao;CUW;Renewable energy consumption (% of total final energy consumption);EG.FEC.RNEW.ZS;0,072376356;0,278807964;0,26692483;0,271912925;0,266028634;0,260307707;0,254083166;0,2455258;0,241213537;0,248549941;0,24391791;0,241650883;0,357017931;0,355516878;0,348989722
Cayman Islands;CYM;Renewable energy consumption (% of total final energy consumption);EG.FEC.RNEW.ZS;;;;;;;;;;;;;;;
Cyprus;CYP;Renewable energy consumption (% of total final energy consumption);EG.FEC.RNEW.ZS;3,096657194;3,047475709;3,176415376;3,257163598;3,30432862;3,364850878;3,514238286;4,355311234;5,4936646;5,978516477;6,353225823;7,415751456;8,349767951;9,515978299;9,389138187
Czech Republic;CZE;Renewable energy consumption (% of total final energy consumption);EG.FEC.RNEW.ZS;4,857910436;5,286178177;5,754919659;5,601397495;6,083174357;6,380456127;6,815812039;7,658254009;7,844963726;8,684377588;9,736711358;10,47894458;11,13345922;12,19430519;12,75266949
Germany;DEU;Renewable energy consumption (% of total final energy consumption);EG.FEC.RNEW.ZS;3,700437282;3,899672477;4,412636421;5,05846723;5,825244491;6,764551023;7,753224491;9,406588146;8,592248357;9,630061034;10,2935195;11,39435605;12,01513604;12,08907612;13,37887765
Djibouti;DJI;Renewable energy consumption (% of total final energy consumption);EG.FEC.RNEW.ZS;31,44321203;31,6750798;32,44465467;32,88128237;33,62122057;33,09458038;33,00678134;32,52391751;33,14344988;33,3129716;34,43333869;34,44418956;34,06582189;34,01481969;34,15104422
Dominica;DMA;Renewable energy consumption (% of total final energy consumption);EG.FEC.RNEW.ZS;11,03438438;9,385706291;13,57514395;10,53800386;12,13971788;10,64780506;9,746463721;8,577909901;8,240000449;8,781454755;8,655136587;11,2489406;9,397851522;11,09046893;9,865335026
Denmark;DNK;Renewable energy consumption (% of total final energy consumption);EG.FEC.RNEW.ZS;10,73720026;11,12359931;11,86587956;12,72030696;14,4490696;16,12639811;15,26712314;17,7009209;18,54926116;19,34276046;21,35483157;23,89897534;27,28196168;27,37906797;30,21992724
Dominican Republic;DOM;Renewable energy consumption (% of total final energy consumption);EG.FEC.RNEW.ZS;17,75804786;18,73004134;17,45619863;19,65043804;19,71950473;19,65742689;18,49627468;18,59584965;18,24553486;18,29303518;17,99830483;17,85506973;17,71429205;17,98891449;18,3784571
Algeria;DZA;Renewable energy consumption (% of total final energy consumption);EG.FEC.RNEW.ZS;0,427372232;0,427684925;0,514766099;0,469092426;0,441740769;0,584727459;0,408727321;0,411409198;0,298765681;0,311808089;0,257198313;0,179943567;0,193122571;0,144518813;0,068775439
East Asia & Pacific (excluding high income);EAP;Renewable energy consumption (% of total final energy consumption);EG.FEC.RNEW.ZS;32,23426631;31,51367668;30,51410692;28,18159141;25,08409335;23,49234449;22,446077;21,43411675;21,2536235;20,93601792;20,04725487;19,22570768;19,66452937;19,64212914;19,72511196
Early-demographic dividend;EAR;Renewable energy consumption (% of total final energy consumption);EG.FEC.RNEW.ZS;32,17158976;32,12237794;31,52862634;31,00435302;30,1246183;29,52507651;28,9012438;27,93214113;27,34661686;26,98825767;26,56674154;26,39098101;26,09584898;26,36137543;25,78245002
East Asia & Pacific;EAS;Renewable energy consumption (% of total final energy consumption);EG.FEC.RNEW.ZS;22,5400216;22,22381038;21,68267331;20,62522201;19,01469036;18,13069779;17,63839656;17,06564163;17,18205076;17,12864161;16,62159253;16,13474275;16,56881824;16,68775737;16,96054449
Europe & Central Asia (excluding high income);ECA;Renewable energy consumption (% of total final energy consumption);EG.FEC.RNEW.ZS;5,75473639;5,652302665;5,647720786;5,516901117;5,854215431;5,93411412;5,774541016;5,65384764;5,560741065;6,18640878;6,299178152;5,767824291;6,020350199;6,543370308;6,426089237
Europe & Central Asia;ECS;Renewable energy consumption (% of total final energy consumption);EG.FEC.RNEW.ZS;7,619492362;7,628506446;7,563440134;7,637929276;7,913374022;8,216535841;8,477515957;9,017507494;9,336936851;10,33599842;10,7855746;10,65748128;11,48231206;12,15921926;12,55070003
Ecuador;ECU;Renewable energy consumption (% of total final energy consumption);EG.FEC.RNEW.ZS;20,03302792;18,43283507;18,05824034;17,97048498;15,97197087;12,16311517;12,97149029;12,8081348;15,08899971;13,29950595;12,10663845;13,34571454;13,1000977;12,67573253;12,21814004
Egypt, Arab Rep.;EGY;Renewable energy consumption (% of total final energy consumption);EG.FEC.RNEW.ZS;8,101748224;7,706702125;7,259600568;7,386988722;7,543858038;6,491865679;6,233980859;6,092949373;5,969930499;5,762878099;5,724100541;5,584640572;5,693102942;6,101534202;6,412560754
Euro area;EMU;Renewable energy consumption (% of total final energy consumption);EG.FEC.RNEW.ZS;7,518017885;7,706721549;7,55942801;8,028559062;8,234151561;8,523832344;9,265993964;10,37450724;10,92158822;12,13018912;12,83187143;13,063101;14,34323152;15,17260056;16,01446043
Eritrea;ERI;Renewable energy consumption (% of total final energy consumption);EG.FEC.RNEW.ZS;76,78295023;74,84508265;74,82741932;75,04375207;70,09946482;74,85982102;78,56223427;80,02334398;81,89847651;81,80608552;81,24659164;80,67049833;80,1490299;80,20678627;80,30479379
Spain;ESP;Renewable energy consumption (% of total final energy consumption);EG.FEC.RNEW.ZS;7,88433341;8,933449927;7,415105438;8,899924156;8,03208844;7,289816625;8,472207663;9,00538701;9,737202736;12,21794599;14,39578465;14,74592627;15,7709516;16,94996459;17,35173648
Estonia;EST;Renewable energy consumption (% of total final energy consumption);EG.FEC.RNEW.ZS;19,8341453;18,93655019;19,41535178;19,82991641;19,98714621;18,86123428;17,16308273;18,56525183;20,18899637;24,08876776;25,12988927;24,98354488;24,90855545;24,47524493;25,24914376
Ethiopia;ETH;Renewable energy consumption (% of total final energy consumption);EG.FEC.RNEW.ZS;95,95324368;95,07860599;95,0167414;94,74579329;94,65855713;95,1265904;94,9423247;94,61003127;94,52866593;94,61113248;94,52836074;94,02402133;93,76163814;93,01116096;92,71904179
European Union;EUU;Renewable energy consumption (% of total final energy consumption);EG.FEC.RNEW.ZS;7,894003969;7,882386216;7,824605587;8,138043613;8,406324333;8,815203508;9,38078785;10,33166885;10,95063384;12,14651192;12,87651611;13,22962221;14,38114928;15,14426615;16,05302621
Fragile and conflict affected situations;FCS;Renewable energy consumption (% of total final energy consumption);EG.FEC.RNEW.ZS;52,33044607;52,15396298;52,9444315;54,86197835;53,95973699;53,12652287;53,58137938;53,457544;52,95532199;52,90197283;52,05786056;53,01929459;50,63081748;50,68922712;52,27739017
Finland;FIN;Renewable energy consumption (% of total final energy consumption);EG.FEC.RNEW.ZS;31,67021454;29,24607322;29,52269395;28,36042257;31,10687114;31,53522082;31,26947417;31,82974059;34,76015978;32,70902347;33,60634611;35,28003015;38,83071807;38,53528602;41,19126143
Fiji;FJI;Renewable energy consumption (% of total final energy consumption);EG.FEC.RNEW.ZS;52,87583294;45,15542199;51,29541245;45,82400705;38,9525918;43,60480728;41,41367857;38,0376595;45,61220076;35,14026641;29,76791219;34,06383548;32,94016251;37,85209263;37,56839126
France;FRA;Renewable energy consumption (% of total final energy consumption);EG.FEC.RNEW.ZS;9,255999389;9,395221594;8,668755839;8,847554763;8,88771225;8,629754043;8,497879186;9,36416463;10,50303676;11,22926862;11,87212721;10,83957026;12,36643533;13,41263716;13,13263803
Faroe Islands;FRO;Renewable energy consumption (% of total final energy consumption);EG.FEC.RNEW.ZS;2,771997802;2,560084893;3,401993314;3,106530305;3,418274324;3,840075464;4,301222831;4,544084473;4,506542036;5,123150441;3,377679548;4,997063886;4,700880603;4,322601769;6,53581534
Micronesia, Fed. Sts.;FSM;Renewable energy consumption (% of total final energy consumption);EG.FEC.RNEW.ZS;1,217220996;0,817699485;1,100356477;1,108580699;1,227839605;1,287093298;1,457666561;1,42169947;1,529052935;1,275826412;1,836847985;1,717454484;1,593972088;1,437855768;1,320894363
Gabon;GAB;Renewable energy consumption (% of total final energy consumption);EG.FEC.RNEW.ZS;72,77910746;72,42046444;79,81200304;83,628032;85,7725731;85,24132739;86,15338197;87,3465833;87,42137455;88,09515804;85,85436404;79,81007487;75,63341949;82,14407357;81,046204
United Kingdom;GBR;Renewable energy consumption (% of total final energy consumption);EG.FEC.RNEW.ZS;0,960435121;0,872082732;0,994662418;0,967589597;1,169646164;1,39979339;1,594990822;1,892674779;2,491115653;3,026616155;3,69086497;4,484566768;4,823156321;5,900434866;7,294445315
Georgia;GEO;Renewable energy consumption (% of total final energy consumption);EG.FEC.RNEW.ZS;47,25427728;53,14582121;56,75800312;55,33200857;54,53065775;41,48161701;37,2176446;36,22444736;36,3021596;36,72040752;39,14857515;31,53766071;28,69262681;34,97923299;31,89297959
Ghana;GHA;Renewable energy consumption (% of total final energy consumption);EG.FEC.RNEW.ZS;71,61676979;69,31492639;65,67531576;64,46766542;62,3734473;61,4259061;58,57954778;54,52549332;55,90959608;49,98949083;49,86105993;48,02699021;44,33810939;44,01179692;45,21818084
Gibraltar;GIB;Renewable energy consumption (% of total final energy consumption);EG.FEC.RNEW.ZS;0;0;0;0;0;0;0;0;0;0;0;0;0;0;0
Guinea;GIN;Renewable energy consumption (% of total final energy consumption);EG.FEC.RNEW.ZS;85,61936004;84,93259975;84,37643715;83,59803833;83,13138024;82,60487139;82,05965144;81,52210252;81,58227406;81,24311807;79,10114451;77,52296728;78,44965028;80,37074659;80,01224676
Gambia, The;GMB;Renewable energy consumption (% of total final energy consumption);EG.FEC.RNEW.ZS;63,13448556;59,64007843;60,6791529;60,47483809;59,84585752;60,03764144;59,2738215;56,73118208;55,74621693;53,40385403;50,16982874;49,70128048;49,8345574;51,9890865;48,05810054
Guinea-Bissau;GNB;Renewable energy consumption (% of total final energy consumption);EG.FEC.RNEW.ZS;91,23773009;91,20716594;91,03682078;89,04780497;88,55286471;88,52680155;88,28713822;87,90491283;88,42033997;87,89473882;87,80712958;87,71510724;87,60637128;87,42243096;87,06002651
Equatorial Guinea;GNQ;Renewable energy consumption (% of total final energy consumption);EG.FEC.RNEW.ZS;52,57801872;24,10412089;15,38971883;14,82639951;12,3169888;7,851693558;6,594271136;5,662360461;6,251515902;6,026141883;5,917169441;5,691875228;6,000013981;6,6524894;6,3787581
Greece;GRC;Renewable energy consumption (% of total final energy consumption);EG.FEC.RNEW.ZS;7,520784663;6,813729773;7,015577551;7,282685873;7,539981383;7,723742281;8,21168072;7,918629424;8,109958712;8,920028176;11,09298313;11,08831554;13,8593775;16,29381693;16,08579315
Grenada;GRD;Renewable energy consumption (% of total final energy consumption);EG.FEC.RNEW.ZS;9,269919951;9,229326611;9,297387292;9,274194882;9,389787473;9,3918453;9,210456345;8,799941976;9,494210301;9,296229659;9,349938881;10,0234923;10,13271246;9,721588299;9,876873273
Greenland;GRL;Renewable energy consumption (% of total final energy consumption);EG.FEC.RNEW.ZS;7,319105153;6,378923502;7,326152969;7,319460129;6,245118744;6,510477811;6,290350193;6,270051506;6,295324811;6,367916995;7,736409934;8,374101778;8,295381783;9,381359005;10,66457179
Guatemala;GTM;Renewable energy consumption (% of total final energy consumption);EG.FEC.RNEW.ZS;62,74294484;61,39475723;60,53507325;59,01062993;57,55294296;57,32632743;57,90343341;57,03257183;60,78478559;58,30267628;66,5852448;66,41721313;66,21937084;64,97795617;59,90320153
Guam;GUM;Renewable energy consumption (% of total final energy consumption);EG.FEC.RNEW.ZS;;;;;;;;;;;;;;;
Guyana;GUY;Renewable energy consumption (% of total final energy consumption);EG.FEC.RNEW.ZS;39,50350823;40,31809245;43,24304709;43,40328045;44,48827507;43,36354932;47,26625733;35,98181197;34,53650738;33,70252306;33,84141397;36,30064642;28,25642511;26,26672607;24,01520304
High income;HIC;Renewable energy consumption (% of total final energy consumption);EG.FEC.RNEW.ZS;7,159691606;6,808645262;6,888975008;7,140739293;7,293849184;7,559343196;7,970607075;8,21179994;8,699393526;9,228162912;9,510228663;9,912574776;10,40311733;10,85048686;11,03620183
Hong Kong SAR, China;HKG;Renewable energy consumption (% of total final energy consumption);EG.FEC.RNEW.ZS;0,597431705;0,602489697;0,684347094;0,696847284;0,753486277;0,759139449;0,744006595;0,700369543;0,723820004;0,649481538;0,834901;1,065135792;0,824365177;0,901276789;1,792585103
Honduras;HND;Renewable energy consumption (% of total final energy consumption);EG.FEC.RNEW.ZS;55,12760739;50,54400447;49,56291463;48,45273944;48,19214124;49,80781134;51,57203558;50,13152776;51,15815199;52,59700676;53,15536345;51,96954013;48,77768452;49,76716904;54,04094344
Heavily indebted poor countries (HIPC);HPC;Renewable energy consumption (% of total final energy consumption);EG.FEC.RNEW.ZS;85,61574654;85,31484872;84,76489873;84,49813019;84,20857436;84,19669943;83,55812162;82,55410782;81,92831372;81,29397328;80,41397196;79,56550671;78,09811273;77,89797167;77,77765612
Croatia;HRV;Renewable energy consumption (% of total final energy consumption);EG.FEC.RNEW.ZS;26,78818068;26,94549662;24,63118103;24,84013986;26,58523939;26,83688832;25,51721686;22,67215493;24,15591131;27,17825614;29,77504719;27,18623888;29,42168865;32,83650884;33,64663703
Haiti;HTI;Renewable energy consumption (% of total final energy consumption);EG.FEC.RNEW.ZS;76,04014581;73,88468521;74,7519775;74,92265274;71,28993097;76,89868273;77,01262974;75,55909941;75,76547171;76,87040711;79,02484154;79,00636924;83,16108176;82,33473135;78,39122587
Hungary;HUN;Renewable energy consumption (% of total final energy consumption);EG.FEC.RNEW.ZS;5,166112465;5,121124573;5,166033033;5,009127723;4,628674151;4,664768796;5,364128444;6,140333101;6,755189547;8,399154727;9,03970246;9,67240068;10,15211436;10,21876813;10,36063762
IBRD only;IBD;Renewable energy consumption (% of total final energy consumption);EG.FEC.RNEW.ZS;24,63496791;24,34402401;24,06652185;23,22381345;22,03661236;21,43386205;20,89096925;20,29064126;20,03595094;20,15059076;19,59626775;18,98482958;19,15993389;19,26172414;19,21648212
IDA & IBRD total;IBT;Renewable energy consumption (% of total final energy consumption);EG.FEC.RNEW.ZS;30,06549312;29,83234594;29,586443;28,72109312;27,421407;26,78822008;26,19335463;25,47792112;25,20632862;25,4287239;24,78284923;24,15298472;24,24090607;24,37732882;24,32051481
IDA total;IDA;Renewable energy consumption (% of total final energy consumption);EG.FEC.RNEW.ZS;67,65019504;67,32418644;67,08035011;66,8149607;66,71019666;66,60444717;66,47905662;65,83129255;65,98088906;67,21117992;66,86619089;66,23392181;65,99766836;66,8578489;66,75214131
IDA blend;IDB;Renewable energy consumption (% of total final energy consumption);EG.FEC.RNEW.ZS;58,62477112;58,51391833;58,39450661;58,38338867;58,54535831;59,15972336;59,30499419;58,95910979;59,59448438;61,59563994;61,74444337;60,82411588;61,30401468;62,89604332;62,92605085
Indonesia;IDN;Renewable energy consumption (% of total final energy consumption);EG.FEC.RNEW.ZS;45,58150414;44,37159595;44,76444656;43,171391;41,68334536;41,77554806;40,32642304;40,43010734;40,68826452;39,56490322;38,37834077;38,95414509;39,09773065;38,77844597;38,06613938
IDA only;IDX;Renewable energy consumption (% of total final energy consumption);EG.FEC.RNEW.ZS;77,56821294;76,95204797;76,58554356;76,04575969;75,5447749;74,44072828;73,94309093;72,94669991;72,52323612;72,75866417;71,9206309;71,63654716;70,85369831;70,77040084;70,43324287
Isle of Man;IMN;Renewable energy consumption (% of total final energy consumption);EG.FEC.RNEW.ZS;;;1,482040687;1,115115471;8,814147589;5,093086421;5,752039708;3,341133595;3,397278926;4,250317867;4,047555121;4,386401775;6,427506805;3,737465997;3,812707209
India;IND;Renewable energy consumption (% of total final energy consumption);EG.FEC.RNEW.ZS;51,57934508;51,78722228;50,56943888;50,84280165;49,72402542;48,57530846;47,44363259;45,86785855;43,63288333;40,77082867;39,48425171;38,93475292;38,39443348;37,73270139;36,53617235
Not classified;INX;Renewable energy consumption (% of total final energy consumption);EG.FEC.RNEW.ZS;;;;;;;;;;;;;;;
Ireland;IRL;Renewable energy consumption (% of total final energy consumption);EG.FEC.RNEW.ZS;2,034167267;1,971608095;2,246424737;2,013803863;2,313449409;2,889906051;3,203651771;3,556367668;4,15337105;5,246757443;5,243880317;6,663225388;6,584836039;7,360941041;8,471724021
Iran, Islamic Rep.;IRN;Renewable energy consumption (% of total final energy consumption);EG.FEC.RNEW.ZS;0,438389814;0,517141216;0,663691117;0,829586964;0,734896388;1,39873306;1,39747139;1,298678973;0,699180869;0,779616701;0,89513641;0,914562002;0,931933027;0,994642621;0,937924133
Iraq;IRQ;Renewable energy consumption (% of total final energy consumption);EG.FEC.RNEW.ZS;0,363571946;0,352055201;0,3239861;0,358040196;0,360068873;2,303329459;2,554006441;2,032617341;1,185129429;1,237633879;1,709636631;1,074336575;1,263874405;1,368783669;0,912104698
Iceland;ISL;Renewable energy consumption (% of total final energy consumption);EG.FEC.RNEW.ZS;60,66047898;62,11888775;61,84320024;61,88160776;61,8074351;62,46559423;64,01545346;66,75126763;73,461571;74,12366439;75,41948741;76,48086481;77,35882071;76,35550981;76,42294532
Israel;ISR;Renewable energy consumption (% of total final energy consumption);EG.FEC.RNEW.ZS;5,970639571;6,297685584;6,517740192;6,520649514;6,713897234;7,000400375;6,824702921;6,650405237;8,822178706;8,417052377;8,503354964;9,021752123;8,659903332;9,513344683;9,342675305
Italy;ITA;Renewable energy consumption (% of total final energy consumption);EG.FEC.RNEW.ZS;5,119515207;5,382566429;5,596670834;6,240587447;5,935949211;6,702639311;7,512564526;8,731729445;10,823349;12,53975359;12,79409367;11,90494122;14,39164879;16,32148164;17,090359
Jamaica;JAM;Renewable energy consumption (% of total final energy consumption);EG.FEC.RNEW.ZS;11,90213286;11,15100336;12,73327023;12,99682601;11,47821699;11,32283368;9,309195215;9,497794085;10,76368416;14,04097224;13,71996625;13,8837235;17,03592451;15,75507422;15,98840418
Jordan;JOR;Renewable energy consumption (% of total final energy consumption);EG.FEC.RNEW.ZS;2,08583749;2,121370805;2,089163772;1,982432173;1,830753594;1,689372856;2,28283347;2,327343834;2,740025202;2,780090122;2,966855256;3,020255962;2,930377586;3,144713976;3,13049941
Japan;JPN;Renewable energy consumption (% of total final energy consumption);EG.FEC.RNEW.ZS;3,91610799;3,736777437;3,69537419;4,079024607;4,013757316;3,65447332;4,029364168;3,75273209;3,983866884;4,035613522;4,587445485;4,695860119;4,535504026;4,914836534;5,52698149
Kazakhstan;KAZ;Renewable energy consumption (% of total final energy consumption);EG.FEC.RNEW.ZS;2,505037035;2,409999977;2,773658213;2,284797152;1,888490483;2,094401704;2,12706141;1,833245904;1,153802832;1,305589869;1,382363564;1,381919305;1,327749982;1,165225497;1,362599317
Kenya;KEN;Renewable energy consumption (% of total final energy consumption);EG.FEC.RNEW.ZS;79,03538091;80,2360067;80,54353684;83,18300136;82,2736331;81,22574433;79,76779201;80,26258146;80,47633998;78,14867076;76,27312622;77,08363579;78,49761114;77,13674951;75,51816658
Kyrgyz Republic;KGZ;Renewable energy consumption (% of total final energy consumption);EG.FEC.RNEW.ZS;35,16660877;36,00532425;28,3045377;30,51824222;27,71435502;28,0354683;27,76759094;24,49561484;22,04517054;24,73126218;25,59479254;25,95073569;22,45447681;24,58105263;28,2504208
Cambodia;KHM;Renewable energy consumption (% of total final energy consumption);EG.FEC.RNEW.ZS;81,1360791;79,58799827;83,01977975;82,06807222;78,20459556;75,98835153;73,74154104;69,18744264;67,07734497;71,37816362;68,47157403;68,10988171;68,30503995;68,95037645;67,95334784
Kiribati;KIR;Renewable energy consumption (% of total final energy consumption);EG.FEC.RNEW.ZS;4,84779009;5,22557269;3,808999386;3,933718737;3,750076791;2,565239696;2,181855668;3,175629559;3,001729814;4,232492738;2,711356861;2,894788669;2,836066233;2,874068787;2,948581622
St. Kitts and Nevis;KNA;Renewable energy consumption (% of total final energy consumption);EG.FEC.RNEW.ZS;26,6385794;26,27683213;24,59440436;26,61720767;22,22038787;25,58335564;0,013438596;0,012990137;0,012913208;0,012701886;0,992491021;0,927930031;1,327948517;1,512150859;1,493438587
Korea, Rep.;KOR;Renewable energy consumption (% of total final energy consumption);EG.FEC.RNEW.ZS;0,700449121;0,692195858;0,696660741;0,845579308;0,77020122;0,872923406;0,948657686;1,024921807;1,06066095;1,206796003;1,31495344;1,347611983;1,614257524;1,922273638;2,838097595
Kuwait;KWT;Renewable energy consumption (% of total final energy consumption);EG.FEC.RNEW.ZS;0;0;0;0;0;0;0;0;0;0;0;0;0;0;0
Latin America & Caribbean (excluding high income);LAC;Renewable energy consumption (% of total final energy consumption);EG.FEC.RNEW.ZS;28,4666871;27,93100864;28,56132654;29,03942791;28,44633511;28,56100078;28,8376054;29,12669932;28,45954493;29,28329924;28,65196818;28,43582481;27,49837046;27,39769813;27,22860551
Lao PDR;LAO;Renewable energy consumption (% of total final energy consumption);EG.FEC.RNEW.ZS;87,08839078;89,7414613;86,81910733;87,01141868;83,19567852;83,22099936;82,42972988;88,27899641;88,09430248;87,83512374;88,00833153;87,02618458;88,27777541;89,11023843;90,34351488
Lebanon;LBN;Renewable energy consumption (% of total final energy consumption);EG.FEC.RNEW.ZS;4,900588647;4,410286423;5,726235494;7,446653005;6,516296542;6,918488686;7,496361304;8,561715305;5,669228738;4,276907179;5,203631794;5,161056678;4,911934789;5,666944607;3,203544468
Liberia;LBR;Renewable energy consumption (% of total final energy consumption);EG.FEC.RNEW.ZS;90,82612478;91,47306817;91,907512;91,59948905;90,79255522;89,49470309;88,52038273;89,68002188;91,13241603;91,32285425;89,29177838;87,74307861;85,84934585;86,85042652;89,81932607
Libya;LBY;Renewable energy consumption (% of total final energy consumption);EG.FEC.RNEW.ZS;2,042162598;2,024196202;1,965954637;1,947866334;1,865917431;1,813492511;1,877209359;2,00213855;1,875792648;1,71951516;1,568330691;2,23072108;1,912860346;1,717803239;1,753929182
St. Lucia;LCA;Renewable energy consumption (% of total final energy consumption);EG.FEC.RNEW.ZS;2,615928342;2,313809662;2,767370606;2,442862305;2,538666823;2,498735795;2,475810551;2,419359863;2,391114663;2,255494717;2,204035523;2,177751912;2,178078022;2,173729832;2,145866049
Latin America & Caribbean;LCN;Renewable energy consumption (% of total final energy consumption);EG.FEC.RNEW.ZS;28,32038257;27,81556367;28,44338348;28,82822137;28,25473664;28,38688509;28,67202343;28,80905172;28,23934063;29,07861987;28,36021246;28,22931289;27,39549808;27,31898991;27,03017004
Least developed countries: UN classification;LDC;Renewable energy consumption (% of total final energy consumption);EG.FEC.RNEW.ZS;83,9703025;83,39113164;82,95328414;81,71778287;81,36440457;81,15087076;80,59067507;79,74880545;79,00670073;78,20738099;77,02081081;76,30234927;75,10448389;74,39958995;73,76810809
Low income;LIC;Renewable energy consumption (% of total final energy consumption);EG.FEC.RNEW.ZS;78,7225335;78,71113577;79,44370437;79,3811302;79,60376534;79,40616908;79,36217964;80,69693544;79,82646711;79,74600955;79,55283732;80,58449392;79,58152593;81,1293719;80,52240436
Liechtenstein;LIE;Renewable energy consumption (% of total final energy consumption);EG.FEC.RNEW.ZS;;;;;;;;54,47585253;54,2002782;58,99001963;58,69448314;61,43288904;61,92172922;60,46879086;62,1834591
Sri Lanka;LKA;Renewable energy consumption (% of total final energy consumption);EG.FEC.RNEW.ZS;64,1565591;62,92775312;62,09987481;61,30119991;61,60871008;60,07624504;62,17399123;60,19686919;61,57085486;63,50919954;61,84227869;59,24946778;60,69128921;59,87224483;57,58517433
Lower middle income;LMC;Renewable energy consumption (% of total final energy consumption);EG.FEC.RNEW.ZS;46,34738589;45,93126581;45,44177327;45,10375675;44,47663356;43,93561215;43,39816371;42,31987732;41,76336183;41,33403091;40,48810685;40,2911022;40,39537532;40,48917672;39,94399869
Low & middle income;LMY;Renewable energy consumption (% of total final energy consumption);EG.FEC.RNEW.ZS;30,39982066;30,14529475;29,88632469;29,00718546;27,67161389;26,99768086;26,38438857;25,68183747;25,37567708;25,56197703;24,91639245;24,27585889;24,34563498;24,47922673;24,42506242
Lesotho;LSO;Renewable energy consumption (% of total final energy consumption);EG.FEC.RNEW.ZS;56,69818471;56,49983896;56,16386798;55,93953646;55,41073883;55,30663192;55,46038509;55,32654244;54,98621669;53,98141406;53,44923217;53,08860608;52,32356912;52,18903433;51,81579507
Late-demographic dividend;LTE;Renewable energy consumption (% of total final energy consumption);EG.FEC.RNEW.ZS;21,99810969;21,57174666;21,46018528;20,52454986;19,31397577;18,68265089;18,08960433;17,6836366;17,54692249;17,80436704;17,21110779;16,51766009;16,831062;16,88750943;16,98008682
Lithuania;LTU;Renewable energy consumption (% of total final energy consumption);EG.FEC.RNEW.ZS;17,18556728;17,58941843;17,88962682;18,06564479;18,06680299;17,7811296;17,62097493;17,27546337;18,56745587;20,32211517;21,69427497;23,09455328;24,27537549;26,67121199;28,07216559
Luxembourg;LUX;Renewable energy consumption (% of total final energy consumption);EG.FEC.RNEW.ZS;6,852519108;3,4321318;1,312544029;1,27146104;1,36150484;1,890643195;2,091700429;3,633883116;3,964494868;3,736660643;3,662680105;3,742717397;4,165270669;5,81175456;6,966288592
Latvia;LVA;Renewable energy consumption (% of total final energy consumption);EG.FEC.RNEW.ZS;35,82038703;35,34722771;34,38259216;34,33765081;36,11248286;36,30050033;33,9989558;33,07539512;33,7049443;38,39414173;33,0640021;35,53392947;40,36564836;39,60303772;40,23606125
Macao SAR, China;MAC;Renewable energy consumption (% of total final energy consumption);EG.FEC.RNEW.ZS;0,177456418;16,97420306;22,85424718;23,42081012;23,49685099;23,30964216;23,63745457;4,58706293;4,993367286;4,721852136;6,828173893;6,700408384;11,70062497;15,72440879;10,72669122
St. Martin (French part);MAF;Renewable energy consumption (% of total final energy consumption);EG.FEC.RNEW.ZS;;;;;;;;;;;;;;;
Morocco;MAR;Renewable energy consumption (% of total final energy consumption);EG.FEC.RNEW.ZS;15,25900849;15,11672572;14,93612554;15,7033329;23,61878616;20,75705525;18,74387222;17,06226402;15,22263152;14,84954544;14,49606548;12,42952982;11,47136674;12,26860491;11,77795804
Monaco;MCO;Renewable energy consumption (% of total final energy consumption);EG.FEC.RNEW.ZS;;;;;;;;;;;;;;;
Moldova;MDA;Renewable energy consumption (% of total final energy consumption);EG.FEC.RNEW.ZS;5,72213936;5,597063232;5,827727635;5,920882206;4,850143633;4,311911745;4,980542971;4,465200205;4,937615268;4,860461121;8,440061985;9,887071009;10,46932839;13,07886153;13,0473475
Madagascar;MDG;Renewable energy consumption (% of total final energy consumption);EG.FEC.RNEW.ZS;78,40024528;80,00418213;83,47759444;80,59499053;79,85622557;80,47097527;84,34497089;83,34395875;82,33425745;83,17579587;81,93107346;79,1912491;76,70038139;72,92872308;73,56423356
Maldives;MDV;Renewable energy consumption (% of total final energy consumption);EG.FEC.RNEW.ZS;2,126459174;2,054783431;1,629522436;1,970024861;1,526533676;1,76243774;1,444045315;1,378777477;1,355980563;1,264801235;1,164190487;1,140590486;1,039512242;1,065391459;0,907876857
Middle East & North Africa;MEA;Renewable energy consumption (% of total final energy consumption);EG.FEC.RNEW.ZS;2,174368797;2,172847713;2,140902012;2,232372204;2,47867772;2,597568048;2,45259915;2,29060173;1,998756871;1,944184803;1,926754789;1,857339429;1,818512484;1,843747547;1,767534873
Mexico;MEX;Renewable energy consumption (% of total final energy consumption);EG.FEC.RNEW.ZS;12,16736124;11,34388562;10,68278146;10,16903928;10,21329217;10,30299908;9,821398338;9,453193529;9,769618134;9,168405889;9,359977316;9,066176844;8,964488073;9,231363165;9,798903322
Marshall Islands;MHL;Renewable energy consumption (% of total final energy consumption);EG.FEC.RNEW.ZS;0;0;0;0;0;0;0;0;0;0;0;0;0,257400257;0,23923445;0,234741784
Middle income;MIC;Renewable energy consumption (% of total final energy consumption);EG.FEC.RNEW.ZS;28,17290635;27,87923384;27,59073171;26,72301552;25,44078937;24,77095526;24,16940692;23,47096792;23,18269632;23,34896164;22,76320244;22,11780791;22,29218938;22,38094443;22,31068354
Macedonia, FYR;MKD;Renewable energy consumption (% of total final energy consumption);EG.FEC.RNEW.ZS;19,37626662;15,16867135;14,63241087;17,29207931;18,20221528;16,6103746;17,86531677;13,40348776;14,66752083;18,39776573;22,59360031;17,86027375;16,87959191;17,97593863;18,30179467
Mali;MLI;Renewable energy consumption (% of total final energy consumption);EG.FEC.RNEW.ZS;85,63360623;85,65001666;86,1514993;86,76147034;86,15567998;86,18162309;85,7351361;85,26242675;85,0018384;86,36052466;84,85791371;84,71654909;85,1375739;84,72621407;83,56128977
Malta;MLT;Renewable energy consumption (% of total final energy consumption);EG.FEC.RNEW.ZS;0;0;0,087308169;0,098418947;0,119495411;0,181221954;0,213177334;0,265276992;0,250047556;0,263477392;1,388213836;2,014298311;2,603143021;2,585569239;3,952173172
Myanmar;MMR;Renewable energy consumption (% of total final energy consumption);EG.FEC.RNEW.ZS;80,17219555;82,48599157;83,0187843;79,81346433;80,38582055;79,76822893;81,41626966;80,73481627;85,9735851;86,11957358;85,01588505;84,57900532;78,95128439;75,96579318;68,52169606
Middle East & North Africa (excluding high income);MNA;Renewable energy consumption (% of total final energy consumption);EG.FEC.RNEW.ZS;2,973176685;2,974615318;2,946622518;3,101686432;3,434160228;3,602470554;3,421063011;3,228358143;2,764988349;2,723374593;2,758166183;2,672510212;2,677697203;2,724109583;2,622777562
Montenegro;MNE;Renewable energy consumption (% of total final energy consumption);EG.FEC.RNEW.ZS;;;;;;51,85523021;47,6532384;46,2838049;42,69752611;53,9218193;54,52486278;43,18687864;46,19548411;49,26642635;45,98189801
Mongolia;MNG;Renewable energy consumption (% of total final energy consumption);EG.FEC.RNEW.ZS;5,713471428;6,074889876;6,500198201;6,079987111;5,744707267;5,321772647;4,461787432;4,682483832;4,628964026;4,364887814;4,34832078;3,899355167;3,535886787;3,558720168;3,969469699
Northern Mariana Islands;MNP;Renewable energy consumption (% of total final energy consumption);EG.FEC.RNEW.ZS;;;;;;;;;;;;;;;
Mozambique;MOZ;Renewable energy consumption (% of total final energy consumption);EG.FEC.RNEW.ZS;93,60757876;93,95152932;93,72872551;92,75184481;92,91585865;93,61524659;93,28770945;92,14416935;92,43485874;91,66603989;91,30459284;90,45771405;90,8214786;90,31606941;88,85294877
Mauritania;MRT;Renewable energy consumption (% of total final energy consumption);EG.FEC.RNEW.ZS;44,41050966;44,17996846;42,13376999;40,16509028;38,59010365;38,76834667;39,12072213;35,62921177;35,79535783;33,42557487;33,99881007;33,28259082;31,84256382;32,65813951;32,57984922
Mauritius;MUS;Renewable energy consumption (% of total final energy consumption);EG.FEC.RNEW.ZS;20,42138173;20,0759594;17,93327133;18,89998883;19,0830733;17,73704759;16,49121174;15,77164427;12,81965517;12,87337872;13,65842874;12,14291967;11,60886479;11,43757395;10,64009215
Malawi;MWI;Renewable energy consumption (% of total final energy consumption);EG.FEC.RNEW.ZS;82,52795055;81,27873433;82,23501973;81,39926731;82,35526744;83,87269108;83,48309016;84,22782064;81,67317276;83,64919141;79,73496454;79,94860287;81,16401557;80,36342164;80,57846674
Malaysia;MYS;Renewable energy consumption (% of total final energy consumption);EG.FEC.RNEW.ZS;6,743503371;6,478489081;5,716591121;5,413557087;5,169039845;4,924525038;4,994399596;4,557707265;4,729134713;4,230124081;3,819042137;4,107762736;4,410310445;4,486299681;4,769773882
North America;NAC;Renewable energy consumption (% of total final energy consumption);EG.FEC.RNEW.ZS;7,192511571;6,441736135;6,715058951;7,099553963;7,279729011;7,637928276;8,08335369;8,036120621;8,595878642;9,029234766;9,066657176;9,781872547;10,12566071;10,51544087;10,43899623
Namibia;NAM;Renewable energy consumption (% of total final energy consumption);EG.FEC.RNEW.ZS;33,51406135;29,29875519;33,00626583;32,56221316;32,10709678;32,05698823;32,86201359;32,76771375;27,02578581;27,07544568;26,37392374;27,94219967;28,5574767;28,27231191;27,61747334
New Caledonia;NCL;Renewable energy consumption (% of total final energy consumption);EG.FEC.RNEW.ZS;7,182640955;6,322562923;4,921349133;4,593062824;4,849775101;4,750438136;4,19440539;5,504458474;7,439820795;6,850000487;4,449449895;5,470835129;6,024672366;6,129614958;3,982403307
Niger;NER;Renewable energy consumption (% of total final energy consumption);EG.FEC.RNEW.ZS;87,68815816;87,72394515;87,82896802;87,05434307;87,07222256;87,58970649;87,47081723;86,21089432;86,09572232;83,28370687;80,69524567;77,24994225;72,72961368;78,7248129;78,13167457
Nigeria;NGA;Renewable energy consumption (% of total final energy consumption);EG.FEC.RNEW.ZS;86,19027457;84,59525991;84,51355051;82,95601974;83,96669555;84,07230781;86,14052131;87,37957298;86,35198239;88,83185144;86,78123589;86,1533762;86,44863677;86,78430126;87,27475791
Nicaragua;NIC;Renewable energy consumption (% of total final energy consumption);EG.FEC.RNEW.ZS;58,36679664;56,56910515;56,58846056;54,11642764;53,78408824;53,89532814;51,77493882;51,364754;52,5606754;52,79614482;52,64109782;51,67871484;52,07877088;53,06211209;51,84228127
Netherlands;NLD;Renewable energy consumption (% of total final energy consumption);EG.FEC.RNEW.ZS;1,753151838;1,783861001;1,934858003;1,92537534;2,240756713;2,773758169;3,153638471;3,723210932;3,97578942;4,41245063;3,87550137;4,699750372;4,965915322;5,028002263;5,668454079
Norway;NOR;Renewable energy consumption (% of total final energy consumption);EG.FEC.RNEW.ZS;60,18812665;59,60640454;59,49310992;56,2568695;56,8716055;58,59181038;57,05968413;57,39006034;58,49373313;56,7709201;56,33486326;56,6255587;58,44976589;57,69346541;57,0886188
Nepal;NPL;Renewable energy consumption (% of total final energy consumption);EG.FEC.RNEW.ZS;88,28453258;87,75650447;89,94329201;89,44288492;90,29700743;89,51737585;91,25325953;91,31226986;90,4689375;88,92708565;87,29244724;86,94551801;84,69733004;86,25394535;84,37679559
Nauru;NRU;Renewable energy consumption (% of total final energy consumption);EG.FEC.RNEW.ZS;0;0;0;0;0;0;0;0;0;0,084618545;0,083696045;0,092567556;0,092257627;0,0813199;0,04265728
New Zealand;NZL;Renewable energy consumption (% of total final energy consumption);EG.FEC.RNEW.ZS;28,88779098;26,79056005;28,66438183;28,00926994;30,42916427;29,17732505;29,34890856;29,04397609;28,10106768;30,13079838;31,24260086;32,03414916;30,76901451;30,36447451;30,86475021
OECD members;OED;Renewable energy consumption (% of total final energy consumption);EG.FEC.RNEW.ZS;7,734573596;7,360946513;7,449597632;7,683784037;7,860107069;8,127278154;8,547569633;8,777823051;9,310292402;9,89172745;10,22173155;10,62816793;11,1678442;11,65706397;11,84351164
Oman;OMN;Renewable energy consumption (% of total final energy consumption);EG.FEC.RNEW.ZS;0;0;0;0;0;0;0;0;0;0;0;0;0;0;0
Other small states;OSS;Renewable energy consumption (% of total final energy consumption);EG.FEC.RNEW.ZS;30,73645407;29,79264017;29,50430314;30,32716802;29,60021047;29,84720515;29,13885921;29,21884923;29,65416958;30,85271788;30,83551774;28,84235743;26,43895459;28,9766134;27,03332013
Pakistan;PAK;Renewable energy consumption (% of total final energy consumption);EG.FEC.RNEW.ZS;50,38807461;50,78410391;50,61831286;49,20180317;46,99999136;47,02543856;46,05152825;43,94600022;45,61228872;45,3879084;46,30132086;45,71079197;46,17014673;47,08643706;47,2055915
Panama;PAN;Renewable energy consumption (% of total final energy consumption);EG.FEC.RNEW.ZS;34,39785229;31,08782697;34,69900974;33,84104389;33,37902359;27,04149948;26,94174532;26,48902026;30,54583187;26,22326488;19,93740177;19,1403931;20,61955434;20,31333209;19,77078693
Peru;PER;Renewable energy consumption (% of total final energy consumption);EG.FEC.RNEW.ZS;32,15506475;34,841297;34,16584293;34,81735041;32,60696854;32,73182991;33,87948612;32,3720025;25,71716532;28,06083849;30,73129795;29,54725961;28,24987863;25,97167466;25,63570064
Philippines;PHL;Renewable energy consumption (% of total final energy consumption);EG.FEC.RNEW.ZS;34,84502784;33,53471291;32,8271537;32,04987131;31,31318548;31,4295835;32,59663199;31,20341644;31,72707004;31,22391947;28,81183149;29,3987785;30,22468523;29,30716227;28,7212886
Palau;PLW;Renewable energy consumption (% of total final energy consumption);EG.FEC.RNEW.ZS;;;;;;;;;;;;;;;
Papua New Guinea;PNG;Renewable energy consumption (% of total final energy consumption);EG.FEC.RNEW.ZS;66,37890656;63,43943614;62,48433086;60,3968205;57,47949081;58,56341239;58,85497314;57,12915362;56,92431162;56,01604961;55,25248494;54,73322583;55,46651909;50,43887831;50,03242008
Poland;POL;Renewable energy consumption (% of total final energy consumption);EG.FEC.RNEW.ZS;6,921769972;7,286876337;7,484914;7,288547638;7,306480014;7,211977268;7,181253681;7,273469386;8,008337923;8,878320296;9,511587745;10,45901335;10,9362426;11,40019517;11,54735557
Pre-demographic dividend;PRE;Renewable energy consumption (% of total final energy consumption);EG.FEC.RNEW.ZS;78,17092326;77,36377155;77,36027806;78,09869112;77,81503102;77,90339104;78,29592109;78,37773202;77,66172938;78,2163553;76,44033084;75,18832569;74,04710412;74,0728754;75,15413607
Puerto Rico;PRI;Renewable energy consumption (% of total final energy consumption);EG.FEC.RNEW.ZS;0,733473916;0,941619586;0,949257853;1,086184568;0,571783717;0,552840317;0,569206718;0,665692483;0,674828049;0,729393033;0,565171318;0,664225988;0,562609729;1,078508026;1,630638745
Korea, Dem. People’s Rep.;PRK;Renewable energy consumption (% of total final energy consumption);EG.FEC.RNEW.ZS;8,717750463;8,620844155;9,025577084;9,265688012;9,372858289;9,228018967;8,957764445;10,90282988;10,19825772;9,730665671;10,62731004;14,41825296;14,32640368;19,33159387;17,01588498
Portugal;PRT;Renewable energy consumption (% of total final energy consumption);EG.FEC.RNEW.ZS;20,11402391;20,82793522;18,27982796;22,09248344;19,86932601;18,07279557;22,33175464;23,14813895;23,18775147;24,89454522;27,82797309;27,21909939;25,51744745;30,1852939;30,49879177
Paraguay;PRY;Renewable energy consumption (% of total final energy consumption);EG.FEC.RNEW.ZS;70,41172727;69,84046309;67,68034482;67,04731441;66,73327223;68,82405154;67,26375919;66,78739162;66,6321644;66,39283501;64,24936534;63,11143459;62,67751243;63,10270665;63,11691455
West Bank and Gaza;PSE;Renewable energy consumption (% of total final energy consumption);EG.FEC.RNEW.ZS;17,52490624;17,12139053;21,80392441;21,68427985;23,0833046;22,78198839;18,08414221;20,47668745;20,10253407;16,54086842;14,06476868;15,42016001;12,24030075;11,61040474;10,53025769
Pacific island small states;PSS;Renewable energy consumption (% of total final energy consumption);EG.FEC.RNEW.ZS;48,03330644;42,78683069;46,71147757;43,23520716;39,62472556;42,51791445;41,22476055;38,60871444;43,30042916;36,66224573;34,22224687;35,63788897;35,23101116;37,88305439;36,87056968
Post-demographic dividend;PST;Renewable energy consumption (% of total final energy consumption);EG.FEC.RNEW.ZS;7,235736324;6,860106904;6,935583322;7,205904434;7,375360478;7,653840034;8,104976976;8,369574074;8,896811875;9,49038869;9,837239604;10,23784655;10,80330669;11,30216178;11,61607591
French Polynesia;PYF;Renewable energy consumption (% of total final energy consumption);EG.FEC.RNEW.ZS;9,935889696;6,878610097;6,230342256;7,228951478;7,854181681;8,150372087;10,22407053;9,869688541;9,336058448;9,373720902;11,57413772;9,785654937;9,344918888;8,831679386;10,15045957
Qatar;QAT;Renewable energy consumption (% of total final energy consumption);EG.FEC.RNEW.ZS;0;0;0;0;0;0;0;0;0;0;0;0;0;0;0
Romania;ROU;Renewable energy consumption (% of total final energy consumption);EG.FEC.RNEW.ZS;16,3671851;13,3946065;14,40930994;15,671414;17,27532558;18,51016796;17,41050841;18,17942355;20,38900075;22,18227179;24,09570809;21,11273203;21,55096027;23,09023624;24,34150754
Russian Federation;RUS;Renewable energy consumption (% of total final energy consumption);EG.FEC.RNEW.ZS;3,497188883;3,621604057;3,45928874;3,280098873;3,554391712;3,615024408;3,483900021;3,669240193;3,307738196;3,599622911;3,342748324;3,22779582;3,354040882;3,666603613;3,455932262
Rwanda;RWA;Renewable energy consumption (% of total final energy consumption);EG.FEC.RNEW.ZS;86,53198952;86,72938823;87,10819515;87,28762287;87,54213194;89,24477089;90,5856745;90,3099199;90,63054468;90,54182972;90,65554232;89,80872339;89,02843895;88,51422589;88,44690473
South Asia;SAS;Renewable energy consumption (% of total final energy consumption);EG.FEC.RNEW.ZS;52,83064874;52,91963452;51,87596122;51,81581753;50,61486649;49,60450645;48,52922152;46,86971603;45,17758704;42,69408585;41,54654199;40,83474093;40,40163586;40,01164434;38,92217176
Saudi Arabia;SAU;Renewable energy consumption (% of total final energy consumption);EG.FEC.RNEW.ZS;0,00911778;0,010460769;0,009550452;0,009141477;0,00872106;0,008307275;0,008757459;0,007985372;0,007256285;0,007049215;0,006254908;0,006841221;0,006455408;0,006374478;0,006008743
Sudan;SDN;Renewable energy consumption (% of total final energy consumption);EG.FEC.RNEW.ZS;80,42215081;79,38239062;76,75755663;76,98488347;75,38334283;72,43320142;69,35098049;65,72482441;63,65772482;63,28099545;61,44175038;63,97146226;59,81756457;61,30915498;62,41676354
Senegal;SEN;Renewable energy consumption (% of total final energy consumption);EG.FEC.RNEW.ZS;47,51525018;45,82788192;44,48389592;44,71769601;40,79812483;41,22865883;44,20478739;40,63059996;40,4667618;51,95856327;50,26046724;48,65536135;50,36974768;43,59383217;43,29716965
Singapore;SGP;Renewable energy consumption (% of total final energy consumption);EG.FEC.RNEW.ZS;0,325118908;0,595906846;0,576907973;0,575479914;0,525078998;0,535101747;0,518118674;0,503977614;0,531735661;0,478419237;0,475165134;0,469261528;0,495199892;0,555974851;0,621625223
Solomon Islands;SLB;Renewable energy consumption (% of total final energy consumption);EG.FEC.RNEW.ZS;66,31237241;66,55488113;66,49583585;65,20929224;65,75208412;67,08438222;66,4631505;64,0051512;64,29940644;64,00516061;64,60656511;63,67491085;63,53149158;63,43112779;62,95594019
Sierra Leone;SLE;Renewable energy consumption (% of total final energy consumption);EG.FEC.RNEW.ZS;89,28415666;87,17287905;87,12520389;85,68773708;85,74015548;87,250772;83,38563299;85,56402334;85,27459151;85,38656761;84,17508949;80,34598061;78,42975935;75,22477198;73,05429458
El Salvador;SLV;Renewable energy consumption (% of total final energy consumption);EG.FEC.RNEW.ZS;50,86406027;50,19257283;50,74235002;47,97910788;47,38962721;47,19164088;47,65049925;36,88688124;40,54506891;32,66609024;34,29673365;33,50403718;27,25567175;28,16125078;28,16552091
San Marino;SMR;Renewable energy consumption (% of total final energy consumption);EG.FEC.RNEW.ZS;;;;;;;;;;;;;;;
Somalia;SOM;Renewable energy consumption (% of total final energy consumption);EG.FEC.RNEW.ZS;93,28311977;93,26168229;92,58000537;92,8016848;92,99795579;93,30414712;93,46779216;93,02043718;93,36807167;93,63149562;93,57214313;93,77874719;93,75319858;93,72827912;93,85921937
Serbia;SRB;Renewable energy consumption (% of total final energy consumption);EG.FEC.RNEW.ZS;23,58647722;21,15550089;19,08033637;16,2622981;14,8653723;16,37174686;15,68668476;14,29340551;15,56634005;20,82235766;20,59508702;17,55075868;19,60573489;20,22826923;23,42929123
Sub-Saharan Africa (excluding high income);SSA;Renewable energy consumption (% of total final energy consumption);EG.FEC.RNEW.ZS;72,98455181;72,93902707;72,34584986;71,66789203;71,46625875;71,1620776;71,38089352;71,05720495;70,93373117;70,9765043;71,50890316;71,08469955;70,35284096;69,98591139;70,21640736
South Sudan;SSD;Renewable energy consumption (% of total final energy consumption);EG.FEC.RNEW.ZS;;;;;;;;;;;;;30,19682106;29,70165642;29,82963232
Sub-Saharan Africa;SSF;Renewable energy consumption (% of total final energy consumption);EG.FEC.RNEW.ZS;72,94409859;72,89453701;72,31078559;71,6320878;71,42119844;71,12239466;71,33969555;71,0240001;70,89792622;70,95007304;71,48793136;71,0713064;70,33337344;69,96991778;70,19594066
Small states;SST;Renewable energy consumption (% of total final energy consumption);EG.FEC.RNEW.ZS;27,29691073;25,91399464;26,10540592;26,69640088;25,98057846;26,00414893;25,47089312;24,90001187;25,75959601;27,16703722;27,13741108;25,58824081;23,5694791;25,58483592;24,02511602
Sao Tome and Principe;STP;Renewable energy consumption (% of total final energy consumption);EG.FEC.RNEW.ZS;54,76954549;55,50986675;55,37663843;51,84193167;48,96827532;48,01743697;47,42810456;47,68629274;46,03756084;45,40838823;43,75954967;43,21514031;41,45221858;41,59961389;41,59961389
Suriname;SUR;Renewable energy consumption (% of total final energy consumption);EG.FEC.RNEW.ZS;26,47466999;26,95462;31,25012835;28,28147587;25,99535837;22,12489986;24,83532385;27,22442747;28,4648734;28,65052549;24,54434085;25,44612719;23,04923028;25,96714584;25,38253454
Slovak Republic;SVK;Renewable energy consumption (% of total final energy consumption);EG.FEC.RNEW.ZS;3,728088711;6,001001618;5,481049618;5,346867404;6,247301185;6,306465215;6,567616914;8,232175618;7,629429811;9,999141072;10,27973613;10,35756666;10,47258459;10,67838174;12,14105169
Slovenia;SVN;Renewable energy consumption (% of total final energy consumption);EG.FEC.RNEW.ZS;15,86476518;14,99182315;14,09608702;14,18372867;15,41055157;14,56625241;14,41437286;14,08997687;13,85233032;18,8962568;19,60782636;18,56271472;19,84050898;22,14173261;22,67789442
Sweden;SWE;Renewable energy consumption (% of total final energy consumption);EG.FEC.RNEW.ZS;40,00826205;37,66157772;36,14876434;34,91042902;35,82330977;39,99189338;41,12658994;42,92465805;44,8655878;47,07736548;45,97780704;46,54503966;49,89956367;48,77831059;49,53745892
Swaziland;SWZ;Renewable energy consumption (% of total final energy consumption);EG.FEC.RNEW.ZS;48,19244142;47,82448056;49,80054884;49,77488344;48,82674444;49,65228383;62,2918052;64,73474293;63,94271507;64,69376482;62,68197482;61,25117209;63,02826768;65,2566779;63,55079827
Sint Maarten (Dutch part);SXM;Renewable energy consumption (% of total final energy consumption);EG.FEC.RNEW.ZS;;;;;;;;;;;;;0,049934062;0,048935667;0,047959511
Seychelles;SYC;Renewable energy consumption (% of total final energy consumption);EG.FEC.RNEW.ZS;0,571808231;0,505600601;0,560987319;0,525150049;0,402888851;0,376164955;0,354018936;0,425478784;0,383361292;0,505036067;0,625464048;0,935294978;0,627833672;1,272179507;1,034024865
Syrian Arab Republic;SYR;Renewable energy consumption (% of total final energy consumption);EG.FEC.RNEW.ZS;2,000425741;2,073098639;1,613591702;1,912215007;2,602214259;2,11133259;1,826276028;1,566186488;1,272318897;0,933023274;1,410585008;1,902975267;2,559906517;2,867164052;2,992679827
Turks and Caicos Islands;TCA;Renewable energy consumption (% of total final energy consumption);EG.FEC.RNEW.ZS;0,688235241;0,675127798;0,59603837;0,591969664;0,599648675;0,543302661;0,516655036;0,496592969;0,492033679;0,522009536;0,517998914;0,532165411;0,511926807;0,536803447;0,580517977
Chad;TCD;Renewable energy consumption (% of total final energy consumption);EG.FEC.RNEW.ZS;97,16366712;97,2645286;97,26255441;91,9660428;92,12234981;91,72726629;91,80991747;90,71424718;90,06844097;91,05414574;90,78835517;90,59736989;90,65051855;89,45727545;89,24006473
East Asia & Pacific (IDA & IBRD countries);TEA;Renewable energy consumption (% of total final energy consumption);EG.FEC.RNEW.ZS;32,63957608;31,90664741;30,85449899;28,46307772;25,29334195;23,67506823;22,61049836;21,53534634;21,36662398;21,04502959;20,128548;19,2544639;19,69596513;19,64355325;19,73750063
Europe & Central Asia (IDA & IBRD countries);TEC;Renewable energy consumption (% of total final energy consumption);EG.FEC.RNEW.ZS;5,843327944;5,777914708;5,788378154;5,652112199;5,966518401;6,035233569;5,887043223;5,780741332;5,75258471;6,41321144;6,575394453;6,147089744;6,419414208;6,938086453;6,834653902
Togo;TGO;Renewable energy consumption (% of total final energy consumption);EG.FEC.RNEW.ZS;77,11207711;82,05980751;78,66852711;74,79324594;76,14207942;77,22432771;79,65952917;79,93935569;76,52192843;63,39771301;65,82542041;69,15686027;72,73742159;72,57093412;72,82531867
Thailand;THA;Renewable energy consumption (% of total final energy consumption);EG.FEC.RNEW.ZS;21,98813752;20,03560519;20,06692935;20,34439708;20,02466792;20,2523975;20,68693756;21,6112436;22,49108712;22,65736652;22,65487893;22,75552546;23,28982089;22,94328751;23,58596842
Tajikistan;TJK;Renewable energy consumption (% of total final energy consumption);EG.FEC.RNEW.ZS;62,41341329;64,07302822;64,15724848;64,58716944;61,41680823;63,73850615;61,57626747;53,80071111;54,61206974;60,59062352;61,83599972;59,98201962;56,06849805;49,55601873;40,71364057
Turkmenistan;TKM;Renewable energy consumption (% of total final energy consumption);EG.FEC.RNEW.ZS;0,094230888;0,093510003;0,090895022;0,079048485;0,0751117;0,074057717;0,085696901;0,073152532;0,074382302;0,081312155;0,0721929;0,065072276;0,039532314;0,042414465;0,041262014
Latin America & the Caribbean (IDA & IBRD countries);TLA;Renewable energy consumption (% of total final energy consumption);EG.FEC.RNEW.ZS;28,3705679;27,88510814;28,55197407;28,98129979;28,38436276;28,63476921;28,97994892;29,15701493;28,54726827;29,46751222;28,76033843;28,55998148;27,69881682;27,62626453;27,2992117
Timor-Leste;TLS;Renewable energy consumption (% of total final energy consumption);EG.FEC.RNEW.ZS;;;47,74951508;47,34414786;43,54612772;43,1065396;41,3746414;41,20011032;38,83220536;35,95445036;33,8906748;31,94955844;25,08352021;21,44455568;19,00040017
Middle East & North Africa (IDA & IBRD countries);TMN;Renewable energy consumption (% of total final energy consumption);EG.FEC.RNEW.ZS;2,924597162;2,928010989;2,878083704;3,026894934;3,362480436;3,539180777;3,375738143;3,175187453;2,714102725;2,676040404;2,717348888;2,630200268;2,640501731;2,688891161;2,583278639
Tonga;TON;Renewable energy consumption (% of total final energy consumption);EG.FEC.RNEW.ZS;2,476729754;2,699507947;2,477388472;2,012778373;2,148452529;2,170453646;1,866994449;2,170683248;1,988544372;1,817493187;1,007870328;1,139330483;1,125106238;1,547375552;1,629220638
South Asia (IDA & IBRD);TSA;Renewable energy consumption (% of total final energy consumption);EG.FEC.RNEW.ZS;52,83064874;52,91963452;51,87596122;51,81581753;50,61486649;49,60450645;48,52922152;46,86971603;45,17758704;42,69408585;41,54654199;40,83474093;40,40163586;40,01164434;38,92217176
Sub-Saharan Africa (IDA & IBRD countries);TSS;Renewable energy consumption (% of total final energy consumption);EG.FEC.RNEW.ZS;72,94409859;72,89453701;72,31078559;71,6320878;71,42119844;71,12239466;71,33969555;71,0240001;70,89792622;70,95007304;71,48793136;71,0713064;70,33337344;69,96991778;70,19594066
Trinidad and Tobago;TTO;Renewable energy consumption (% of total final energy consumption);EG.FEC.RNEW.ZS;0,759098459;0,682711051;0,635677581;0,600807117;0,625189942;0,530753074;0,619433103;0,365885993;0,363114192;0,400455147;0,334349614;0,359608801;0,324047643;0,309722831;0,280935357
Tunisia;TUN;Renewable energy consumption (% of total final energy consumption);EG.FEC.RNEW.ZS;14,23477893;14,21999961;14,5466849;14,12645414;13,92060949;14,17724879;14,3201216;14,32192643;14,60928688;16,06999481;12,68783988;13,32762368;13,08440788;13,24196377;12,92407437
Turkey;TUR;Renewable energy consumption (% of total final energy consumption);EG.FEC.RNEW.ZS;17,28649455;18,13134103;17,48360521;16,30549623;16,80231721;15,3241731;14,27063919;12,50410657;12,43816629;13,35237006;14,35246327;12,79416743;12,84007134;13,85650845;11,57816894
Tuvalu;TUV;Renewable energy consumption (% of total final energy consumption);EG.FEC.RNEW.ZS;;;;;;;;;;;;;;;
Tanzania;TZA;Renewable energy consumption (% of total final energy consumption);EG.FEC.RNEW.ZS;93,72446923;93,22498277;92,48066481;92,38039349;91,72746107;91,00990563;90,90420632;91,35667581;91,04853376;91,64068429;90,31613097;88,51363796;86,35434195;86,62466279;86,67344532
Uganda;UGA;Renewable energy consumption (% of total final energy consumption);EG.FEC.RNEW.ZS;94,54143135;94,4100231;94,46557457;94,38187816;94,63415232;93,28215492;92,86484642;92,68911606;92,01087153;92,40751599;91,97940563;91,52302561;91,36019109;89,97516778;89,21553025
Ukraine;UKR;Renewable energy consumption (% of total final energy consumption);EG.FEC.RNEW.ZS;1,254580224;1,228065335;1,034932848;0,972022337;1,189750374;1,251230617;1,734516966;2,3599847;2,724833555;2,963051431;2,883677919;2,738065656;2,857431129;3,487472352;3,497718466
Upper middle income;UMC;Renewable energy consumption (% of total final energy consumption);EG.FEC.RNEW.ZS;19,95656098;19,66727036;19,4735336;18,64467227;17,54504801;17,02497304;16,52908515;16,0918411;15,94967137;16,19494909;15,82486255;15,1300355;15,33638282;15,46576984;15,54928988
Uruguay;URY;Renewable energy consumption (% of total final energy consumption);EG.FEC.RNEW.ZS;38,80270577;40,95104819;43,03947971;43,11227317;38,3179406;39,90875294;35,65629652;41,46267049;43,27519438;45,29376523;52,81861317;48,84249585;46,924863;50,75188707;55,43136677
United States;USA;Renewable energy consumption (% of total final energy consumption);EG.FEC.RNEW.ZS;5,429623382;4,678571023;4,840778812;5,326282872;5,477656114;5,84109138;6,396514232;6,304127371;6,845541628;7,354407514;7,505171236;8,164451251;8,481450628;8,928243496;8,913332385
Uzbekistan;UZB;Renewable energy consumption (% of total final energy consumption);EG.FEC.RNEW.ZS;1,224016345;1,219111042;1,188714245;1,525051615;1,853285617;1,862455543;1,934647211;1,354334703;2,328602313;2,219765497;2,643497328;2,246520442;2,380965484;2,874227919;2,896783711
St. Vincent and the Grenadines;VCT;Renewable energy consumption (% of total final energy consumption);EG.FEC.RNEW.ZS;8,491271327;6,194244891;6,070602777;5,632541224;5,855931784;5,810940178;5,591930069;5,448037755;5,507919482;4,162507366;5,42669193;6,571500343;5,777975891;6,792160042;7,499808797
Venezuela, RB;VEN;Renewable energy consumption (% of total final energy consumption);EG.FEC.RNEW.ZS;14,66337429;13,3917969;12,88405342;12,96030287;13,75637715;13,50412858;15,4430684;16,5193571;13,40273748;13,64700083;11,43601649;13,52549075;12,24419916;14,41997538;12,29750254
British Virgin Islands;VGB;Renewable energy consumption (% of total final energy consumption);EG.FEC.RNEW.ZS;1,046448028;1,064675922;1,031216611;0,967126059;0,940319132;0,937837023;0,872728581;0,864855725;0,832245722;0,831967786;0,846844043;0,834052396;0,871075031;0,883775594;0,87416417
Virgin Islands (U.S.);VIR;Renewable energy consumption (% of total final energy consumption);EG.FEC.RNEW.ZS;0;0;0;0;0;0;0;0;0;0;0;0,069066509;0,075270061;0,080067564;0,765605376
Vietnam;VNM;Renewable energy consumption (% of total final energy consumption);EG.FEC.RNEW.ZS;57,96369966;56,3577453;52,41333226;51,02385422;45,98952083;44,35696195;44,46111883;42,10218;39,45899404;37,16681178;34,79589889;36,5228034;38,1071848;37,38156977;36,20010563
Vanuatu;VUT;Renewable energy consumption (% of total final energy consumption);EG.FEC.RNEW.ZS;48,6510326;47,41786875;51,92076489;50,45054814;64,05850717;64,26351282;69,5718382;42,24625883;47,60394119;38,78183198;38,37574004;36,63805831;40,30487179;42,9521495;32,43370496
World;WLD;Renewable energy consumption (% of total final energy consumption);EG.FEC.RNEW.ZS;17,97611453;17,77773078;17,81869188;17,70723864;17,45317365;17,47030913;17,56761617;17,49644707;17,73916014;18,29980371;18,11529593;18,15010586;18,47421039;18,76281596;18,89612882
Samoa;WSM;Renewable energy consumption (% of total final energy consumption);EG.FEC.RNEW.ZS;45,37231473;44,06786552;44,95033721;44,57920567;44,62017769;45,12591606;45,03519336;45,93517177;45,97221356;45,68829202;46,75466546;39,72912069;40,01841714;41,6082595;42,05856783
Kosovo;XKX;Renewable energy consumption (% of total final energy consumption);EG.FEC.RNEW.ZS;28,29928238;23,93221495;24,11344764;23,82332712;24,13409237;22,91553891;22,14616832;21,20186382;20,56011088;20,92020259;20,92145731;19,71928023;20,86211256;20,89663037;21,46114661
Yemen, Rep.;YEM;Renewable energy consumption (% of total final energy consumption);EG.FEC.RNEW.ZS;1,15125018;1,070388974;1,061279507;0,926932687;0,911826475;0,894497039;0,931595976;0,936411845;0,899876866;0,86238421;0,963570907;1,139321546;1,332788325;0,931936996;1,063803215
South Africa;ZAF;Renewable energy consumption (% of total final energy consumption);EG.FEC.RNEW.ZS;18,50807943;19,1214403;18,35536212;17,53525859;16,78653554;16,26828665;16,39062172;15,82787262;15,99968136;15,57992693;17,09155353;16,86487417;16,64166864;16,11664647;16,58715452
Zambia;ZMB;Renewable energy consumption (% of total final energy consumption);EG.FEC.RNEW.ZS;89,99077531;89,80955751;89,64679124;89,35854568;89,50483888;89,00033161;89,84294132;92,96147331;92,18275675;92,08678007;92,10437063;90,91102036;88,63042876;88,50595709;88,08671076
Zimbabwe;ZWE;Renewable energy consumption (% of total final energy consumption);EG.FEC.RNEW.ZS;69,26395781;71,53579201;74,30039503;77,83286319;81,5815636;80,15058533;78,64784524;78,0803324;82,03219429;83,15372513;82,8797489;79,57421744;78,01988379;79,56128272;81,13041384
