Country Name;Country Code;2000;2001;2002;2003;2004;2005;2006;2007;2008;2009;2010;2011;2012;2013;2014
Aruba;ABW;0;0;0;0;0;0;0;0;0;0;11,32737715;12,10102096;14,91525424;14,91218619;15,09927995
Afghanistan;AFG;74,98909408;72,81145999;79,0639712;66,29098361;72,43589744;74,06181015;70,75575027;72;68,65482234;87,17660292;85,98654709;82,48756219;85,90998043;78,6364081;85,32354903
Angola;AGO;63,11418685;62,08791209;64,7592068;62,20551378;78,40501792;79,64824121;80,61101028;77,6188996;75,40904716;65,34318902;67,95742338;70,90780393;60,7994842;58,02093476;53,17510549
Albania;ALB;96,14901632;95,30831099;93,95398609;97,85657051;97,5026757;98,71394452;98,31643736;97,48251748;100;99,98077662;99,98678647;98,59222143;100;100;100
Andorra;AND;100;100;100;100;98,93617021;98,82352941;94,59459459;75;80,05082592;76,54320988;88,73114463;86,51315789;86,6894198;88,7532694;89,43217666
Arab World;ARB;4,464523631;4,617753545;3,755889772;3,944132122;3,913545958;4,474453556;4,1195031;4,150209801;3,362735346;3,328485767;3,854009912;3,549156605;3,591638505;3,720322353;3,365836715
United Arab Emirates;ARE;0;0;0;0;0;0;0;0;0;0;0;0;0;0,094142456;0,273688613
Argentina;ARG;33,15937465;41,82988404;43,56387577;37,95175486;31,63480258;33,52513485;37,1276984;29,84220081;26,3437058;28,92740262;28,5854562;32,30597044;29,26113532;31,53961673;31,53617443
Armenia;ARM;21,16482041;16,84943429;30,04167422;36,02981276;33,13432836;28,06712047;30,71873422;31,46829434;31,17850953;35,67272086;39,48544138;33,5397039;28,94474863;28,23605707;25,75483871
American Samoa;ASM;0;0;0;0;0;0;0;0;0;0;0;0;0,702426564;0,703140481;0,700882475
Antigua and Barbuda;ATG;0;0;0;0;0;0;0;0;0;0;0;0;0;0;0
Australia;AUS;8,381618572;8,098454953;7,860918822;8,390527478;8,138506641;8,803706639;9,299307773;8,648072467;8,115257556;7,480085409;8,611879628;10,42665228;10,59265336;13,26410839;14,90671221
Austria;AUT;72,54400909;69,15682775;69,01294765;60,78282872;64,20223413;63,38874581;66,00428348;69,21516642;69,25627518;71,14076755;66,21229741;65,63092141;74,52638012;78,02061536;81,12833834
Azerbaijan;AZE;8,203647254;6,858197153;10,80156141;11,59917317;12,67016188;13,15582371;10,25954447;10,82070765;10,31280322;12,24295103;18,42330305;13,1861634;7,921524274;6,67123405;5,629246199
Burundi;BDI;98,01980198;98,29059829;98,45320959;98,06763285;97,86324786;98,04496579;97,90136411;98,32578542;98,24236086;96,39363748;87,65339961;90,85730884;97,9618194;87,02056925;80,71878883
Belgium;BEL;1,261280852;1,36737134;1,405997109;1,426502794;1,774684955;2,457151524;3,499786598;3,982725528;5,285763852;6,056388215;6,920806113;9,410879188;12,81287904;14,14404439;17,03029879
Benin;BEN;2,380952381;3,03030303;3,174603175;2,5;1,234567901;0,934579439;2,597402597;1,363636364;1,310043668;0,78125;0,666666667;0,64516129;0,617283951;0,578034682;0,543478261
Burkina Faso;BFA;25,17930328;14,71956224;17,49383055;21,56995052;21,4451722;19,46542708;14,62212486;18,1372549;21,94058767;18,90540154;20,78542367;15,45574637;15,44117647;14,43820994;10,39954205
Bangladesh;BGD;4,749223258;5,709521619;4,012858291;3,799715909;3,034477171;2,832079253;2,536317768;2,415739397;2,776316559;1,121661242;1,787202746;1,974950739;1,600016474;1,946536145;1,319724237
Bulgaria;BGR;6,57629287;3,989984839;5,202874149;7,156019656;7,649785159;9,874465569;9,357830425;6,802990428;6,643638974;8,772799132;12,57796032;7,866381465;11,43648425;16,07885022;15,74360176
Bahrain;BHR;0;0;0;0;0;0;0;0;0;0;0;0;0;0;0
Bahamas, The;BHS;0;0;0;0;0;0;0;0;0;0;0;0;0;0;0
Bosnia and Herzegovina;BIH;48,84456803;48,70276368;48,84561892;39,95206817;46,97517285;47,59561974;44,00781426;33,95281738;32,83410915;39,82001532;46,86989021;28,71073298;29,93182787;41,46467251;36,72648515
Belarus;BLR;0,103444312;0,11969836;0,109615966;0,10515642;0,108939442;0,119505184;0,119455534;0,157089447;0,20828578;0,345667632;0,37254621;0,428571429;0,555212832;0,844256832;0,722614078
Belize;BLZ;70,0729927;69,0647482;67,14285714;40,96385542;43,07814788;44,14180275;84,77177737;82,2754469;94,74758595;79,29142145;63,38095209;62,94159847;49,19400582;55,81301319;50,70547537
Bermuda;BMU;0;0;0;0;0;0;0;0;0;0;0;0;0;0;0
Bolivia;BOL;51,52061856;54,84924623;53,94359465;47,11449677;48,70661066;41,25816993;41,86792453;41,69863969;41,37871755;39,48701193;33,95307658;34,1966759;32,3064874;32,17606944;28,00685323
Brazil;BRA;89,49270586;84,28744505;85,738173;87,16360313;86,03211228;87,12462751;86,74765165;88,21467965;84,26642365;88,99577577;84,72423388;87,120997;82,4482831;76,68888157;73,08120793
Barbados;BRB;0;0;0;0;0;0;0;0;0;0;0;0;0;0;0
Brunei Darussalam;BRN;0;0;0;0;0;0;0;0;0;0;0;0,053691275;0,050890585;0,045433894;0,044385264
Bhutan;BTN;100;99,97814898;99,95865347;99,91696651;99,92356039;99,94334278;99,96018404;99,96952149;99,99856345;99,99857104;99,99590628;99,99575522;99,99707033;99,99345562;99,99286108
Botswana;BWA;0;0;0;0;0;0;0;0;0;0;0;0;0;0,052438385;0,042319086
Central African Republic;CAF;78,5046729;76,85185185;76,85185185;76,36363636;83,33333333;83,75;83,83233533;85,0931677;85,0931677;85;84,375;84,48275862;84,74576271;85,63535912;85,79234973
Canada;CAN;60,60030119;58,03265624;59,88641921;58,91556496;58,44631709;59,43284523;59,43601725;60,04869016;61,29461264;62,70043795;61,44132653;62,26869274;62,72577867;63,01787239;62,79930012
Central Europe and the Baltics;CEB;9,558929487;9,496150579;9,48201948;7,815800684;10,02024511;11,32157351;10,62797045;9,697571938;10,87442552;12,69703725;15,22315581;13,19050386;14,96264546;17,94132478;20,50527777
Switzerland;CHE;57,00048394;59,3979566;55,22034675;54,72477064;54,41321538;55,85838135;51,72685722;54,906004;55,67903813;55,5442233;56,72954642;54,09299071;59,47461109;59,19383003;58,01546318
Channel Islands;CHI;;;;;;;;;;;;;;;
Chile;CHL;48,54783173;54,26159742;55,45098578;50,15695402;46,90087486;53,88308818;55,25488069;44,15559999;45,74902854;48,8274431;40,202535;39,59642689;36,44535562;35,66687196;41,18069968
China;CHN;16,63949819;18,95851917;17,6186279;15,03704033;16,22326642;16,17502498;15,59278342;15,26456598;17,73787669;17,8637982;18,62163478;16,76177043;19,96623288;20,29622738;22,60980683
Cote d'Ivoire;CIV;36,75;36,84749232;32,65961466;36,01336741;33,66606171;27,23112128;28,68258179;33,95489256;34,75862069;37,5234202;28,28164292;30,13608788;26,4395667;21,88235294;23,93193338
Cameroon;CMR;98,90804598;98,10787913;96,42424242;95,76547231;95,37712895;94,20579421;88,81707795;74,82357429;75,8493223;70,67266125;73,21579929;75,01261989;72,85835454;69,6194332;74,25599538
Congo, Dem. Rep.;COD;99,94984955;99,91613552;99,86885246;99,88612331;99,88676575;99,90507187;99,39016307;98,89621923;98,7150616;98,90501655;98,91208096;98,88593493;99,88150099;99,8907767;99,8754388
Congo, Rep.;COG;99,66216216;100;100;85,71428571;83,12342569;81,98614319;82,1192053;82,30958231;81,34490239;61,2244898;54,71938776;61,17556071;58,05882353;56,81685196;54,71264368
Colombia;COL;75,52463768;74,33819806;76,50415168;78,788595;81,65087793;80,16965652;80,60076258;81,53339128;84,01086918;72,87791562;72,12069198;83,46528973;79,5501941;73,9990498;74,24771167
Comoros;COM;0;0;0;0;0;0;0;0;0;0;0;0;0;0;0
Cabo Verde;CPV;5,395437782;3,889191314;3,107329124;2,689706987;2,925253628;2,72083017;2,953084068;2,548881386;1,921199442;1,505702931;1,182578598;6,722666083;18,36674843;20,55760334;17,29165138
Costa Rica;CRI;99,14727562;98,51742031;98,37873754;97,89346572;99,1965916;96,71912833;93,87144993;92,02209945;92,85412708;95,15574651;93,31107169;91,22253865;91,84195007;88,31460674;89,79152393
Caribbean small states;CSS;8,666853368;8,111429697;7,503329706;6,436429524;6,546423537;5,802922206;7,466873204;8,189616221;9,766906577;9,818234697;9,282633853;9,143091735;9,447617288;9,327331181;9,35474648
Cuba;CUB;6,872006386;6,569056801;6,656474935;5,363693865;5,609568888;3,180810846;3,036007044;3,046981389;3,970812829;3,924664486;3,241938265;3,226351351;3,711743;4,352142111;4,017349995
Curacao;CUW;0,713648528;2,922374429;2,789886661;2,709568163;2,644628099;2,564102564;2,6272578;2,547770701;2,576489533;2,465331279;2,418745276;2,41509434;3,489640131;3,539823009;3,591470258
Cayman Islands;CYM;0;0;0;0;0;0;0;0;0;0;0;0;0;0;0
Cyprus;CYP;0;0;0;0;0;0,022846699;0,021496131;0,061588996;0,295333727;0,594439118;1,371664788;3,611280179;5,448378206;7,622377622;7,287356322
Czech Republic;CZE;3,132586304;3,471455128;3,944996381;2,26888524;3,271273422;3,822728882;4,207808353;3,88541999;4,486208306;5,696659608;6,917568185;8,344462353;9,286980954;10,80431755;10,79414395
Germany;DEU;6,198531223;6,512444018;7,642700282;7,552977702;9,267474493;10,15021111;11,32201311;13,93800806;14,6992339;16,07855368;16,72707367;20,38328272;23,00045854;24,07254975;26,13009657
Djibouti;DJI;0;0;0;0;0;0;0;0;0;0;0;0;0;0;0
Dominica;DMA;41,55844156;33,37453646;44,93116395;36,30573248;42,55050505;33,33333333;32,55269321;25,34722222;23,54285714;25;23,30978809;35,65737052;26,34170359;36,45481629;29,91311139
Denmark;DNK;15,45502455;15,49471229;17,28052536;17,49014853;23,55574241;27,0705733;20,17276534;26,21070302;27,57264584;27,65852184;31,98239926;40,2537682;48,32741605;45,98388953;55,87421931
Dominican Republic;DOM;9,722330248;8,056909919;9,571198595;11,67069863;18,04669057;19,41839388;16,57649859;15,35191638;12,43305539;13,46033512;12,47554454;13,04019626;14,27641314;14,2760181;13,25580143
Algeria;DZA;0,212498032;0,25915493;0,206163194;0,896148253;0,8032;1,636444051;0,618861069;0,607592214;0,703350234;0,794784551;0,380460926;0,980009371;1,083680332;0,551010185;0,395379969
East Asia & Pacific (excluding high income);EAP;17,72981583;19,5486859;18,10499132;15,78630371;16,57266964;16,38588658;15,98618356;15,66455913;17,89749763;17,96345357;18,41878459;17,05479439;19,9770598;20,26689256;22,29841263
Early-demographic dividend;EAR;20,68362288;19,75246847;19,26794901;19,1117407;19,69430383;20,22915794;20,72129349;19,511274;19,02389113;18,27443435;18,76229431;19,1115412;18,4442533;18,90477684;17,99366256
East Asia & Pacific;EAS;12,7979376;13,68809159;12,99875441;12,39081016;12,95821397;12,65053312;12,86015927;12,56578941;14,20684892;14,51484226;15,20745882;14,6717615;16,82824682;17,4370572;19,2909645
Europe & Central Asia (excluding high income);ECA;19,70088819;19,50122212;19,27798832;18,37946848;20,52484232;19,85709891;19,05340724;17,66882648;16,81369769;18,56442737;19,38011787;17,71874987;17,8553514;19,93431747;18,63239889
Europe & Central Asia;ECS;19,02221199;18,97681866;17,93077074;17,08302774;18,43619371;18,60836147;18,48696924;18,95254556;19,63637824;21,31187647;22,28683564;22,12471533;24,23579789;26,42944203;27,11975885
Ecuador;ECU;71,70184697;63,99095023;63,29912517;62,19469946;57,57340376;55,11637081;51,69449378;56,54165649;61,14152097;50,84818784;45,49182429;55,55880062;54,86934827;48,99187481;49,17513473
Egypt, Arab Rep.;EGY;17,70344113;18,43255445;14,64626079;14,06448631;12,99815398;12,14095133;11,73325708;13,05932278;11,90094628;10,06906475;10,04795771;9,326836334;9,479569735;8,609937519;9,048775233
Euro area;EMU;13,89748084;14,90172607;13,03570123;13,57339636;14,26675128;13,5083801;14,84427871;15,84192449;17,24176992;19,37549269;21,27495612;21,50257352;24,25950763;27,84446127;29,22942384
Eritrea;ERI;0,476190476;0,429184549;0,386100386;0,36101083;0,35335689;0,347222222;0,743494424;0,694444444;0,696864111;0,677966102;0,643086817;0,59347181;0,557103064;0,550964187;0,540540541
Spain;ESP;15,61372617;21,15357387;13,83061642;21,67904459;18,1346963;14,60139232;17,64281993;19,30930065;19,98308562;25,38124981;32,77554304;30,0216442;29,58474801;39,58357761;40,10525588
Estonia;EST;0,211441325;0,212189084;0,351823619;0,482330938;0,582298137;1,087702107;1,335799425;1,18949959;1,861827805;6,162433079;8,05307004;9,144497014;12,34227459;9,190207156;11,16021212
Ethiopia;ETH;98,6260454;99,055666;98,97260274;99,30313589;99,29105947;99,57820738;99,69409605;95,43276008;87,6356897;88,87775551;99,37751004;99,41603535;99,84227129;99,90824636;99,90639626
European Union;EUU;13,92645193;14,48646616;12,94868889;12,76363863;13,91000306;13,99852354;14,57208091;15,41830337;16,78091133;18,69273558;20,37227754;20,76117456;23,52079379;26,49580144;28,49139429
Fragile and conflict affected situations;FCS;23,59592387;23,74201386;23,3353329;24,14694982;24,40752222;28,09499122;27,94834903;27,9905159;24,6414809;25,79664048;25,35989782;26,41225395;27,42509003;26,57927029;25,44596391
Finland;FIN;33,41002629;28,92758371;26,45587352;22,60868534;29,85730095;33,24927035;27,29371173;29,93784233;35,8779316;30,10864588;29,99107519;32,89070897;40,56184403;35,96699272;38,58105826
Fiji;FJI;60,23105021;63,76941153;58,85018105;42,33162683;45,01957122;41,15715192;40,62578869;61,22454838;64,94264003;60,12952078;50,29389261;57,59392715;66,23115866;62,12769679;47,16629815
France;FRA;12,96787647;14,25637189;11,59727616;11,23001795;11,24298852;9,860646697;10,94757583;11,69092631;12,97920893;13,12716357;13,85735931;11,57458832;14,80619657;17,04519207;16,41103165
Faroe Islands;FRO;36,15023474;33,18965517;40,66390041;35,74297189;40,96385542;44,48979592;44,61538462;44,61893644;39,46249307;38,98369676;28,8986539;39,08370855;37,9151861;38,43621596;50,80758438
Micronesia, Fed. Sts.;FSM;0;0;0;0;0;0;0;0;0;0;0;0;0;0;0
Gabon;GAB;61,59695817;62,89978678;62,75303644;59,15309446;58,50649351;52,09656925;57,23723724;46,65513264;49,50603732;51,9346049;47,41200828;41,76094442;42,77080428;41,69611307;34,09378961
United Kingdom;GBR;2,663105175;2,497332413;2,893173338;2,687161955;3,615249165;4,283239552;4,601846839;5,010051658;5,670924234;6,757810929;6,848008959;9,643994656;11,57796659;15,12670379;19,43923676
Georgia;GEO;78,93318966;79,89044255;93,24789858;91,1452514;87,36279607;85,8125774;72,93810896;81,82909265;84,72731575;86,6090208;92,52271829;77,39846969;74,50232078;82,22487325;80,36833478
Ghana;GHA;91,49937699;84,09466853;69,24240341;66,06596396;87,44825302;82,92575133;66,65480427;53,4107194;74,42335416;76,76936816;68,81085866;67,50892857;67,12408516;63,98881206;64,73038648
Gibraltar;GIB;0;0;0;0;0;0;0;0;0;0;0;0;0;0;0
Guinea;GIN;55,96933187;57,26141079;58,62068966;44,49388209;57,04008222;54,22612514;52,80641466;55,29290853;49,18570336;46,00677156;49,46775204;46,50640306;45,83644511;48,43247588;48,27586207
Gambia, The;GMB;0;0;0;0;0;0;0;0;0;0;0;0;0;0;0
Guinea-Bissau;GNB;0;0;0;0;0;0;0;0;0;0;0;0;0;0;0
Equatorial Guinea;GNQ;13,91650099;41,93548387;41,93548387;39,39393939;31,96721311;31,96721311;31,96721311;31,96721311;31,96721311;31,96721311;31,96721311;13,87900356;44,87471526;44,87471526;44,87471526
Greece;GRC;7,756668226;5,524154043;6,630827695;10,17528711;10,06240117;10,77961196;12,76026521;7,325668543;9,139750763;13,39738763;18,34155525;13,76157642;16,70369091;25,12343734;24,18806984
Grenada;GRD;0;0;0;0;0;0;0;0;0;0;0;0;0;0;0
Greenland;GRL;65,03230711;57,06521739;65,43032049;64,24740794;56,96052241;57,19515629;51,18767946;52,42993057;52,04949729;46,27662034;55,51527364;59,78984401;60,03569769;66,44918946;68,34753765
Guatemala;GTM;51,71957672;47,97677992;41,73800678;49,21421492;44,77961253;47,48415952;51,95934362;47,62448607;55,4140858;49,11020228;63,84797031;64,43742512;66,88270293;67,16733871;68,60606061
Guam;GUM;0;0;0;0;0;0;0;0;0;0;0;0;0;0;0
Guyana;GUY;0;0;0;0;0;0;0;0;0;0;0;0;0;0;0
High income;HIC;14,64423726;13,96768501;14,17779075;13,98831921;14,06187177;14,12134243;14,45237794;14,43138292;15,22551907;16,27627216;16,37955843;17,68515008;18,55830455;19,73328407;20,499696
Hong Kong SAR, China;HKG;0;0;0;0;0;0;0,002589533;0,002567262;0,002631995;0,002581844;0,242269518;0,204561727;0,234270415;0,242606875;0,248107864
Honduras;HND;61,91128149;49,25334706;39,96590356;39,17548501;29,96702391;32,94663573;36,92821369;37,60063141;37,99053291;44,75471698;47,80876494;46,7790409;49,30232558;46,7550161;43,82931077
Heavily indebted poor countries (HIPC);HPC;74,54408763;73,71724458;71,46638926;69,86259404;69,68679368;68,54232311;66,81905395;65,63319862;66,22175593;68,15538597;69,08118636;67,91149779;66,32262871;66,33502566;66,35558592
Croatia;HRV;57,30267247;56,22895623;46,05273514;41,37355973;54,92552349;54,07061346;51,43542521;37,80789159;45,70847352;56,00598355;62,84130846;47,03842049;49,67431323;66,50175665;73,95802322
Haiti;HTI;51,73674589;47,64309764;47,53199269;47,6635514;47,53199269;47,6618705;47,54385965;32,90598291;37,24279835;28,71012483;30,15332198;12,83138918;20,09090909;13,36492891;8,712487899
Hungary;HUN;0,690517462;0,705753124;0,655474735;0,984038659;2,776788893;5,229891487;4,163529379;4,712212212;5,888819488;8,062270246;8,081132429;7,518254255;7,639670853;9,204054009;10,68060332
IBRD only;IBD;23,72874911;23,41472792;22,7186564;21,44083191;22,18702828;22,31798016;21,90575272;21,21676812;21,60822659;21,93495255;22,11864018;21,2874519;22,2669929;22,58922752;23,22351037
IDA & IBRD total;IBT;24,63613923;24,33866139;23,67190393;22,49253483;23,14415992;23,27083276;22,8210172;22,06811565;22,43560738;22,71494275;22,93743714;22,10062762;23,04440577;23,35329008;23,97006386
IDA total;IDA;40,41921198;40,15779061;40,01344342;41,40290691;40,40630681;40,77027385;40,18172066;39,24357638;39,77027761;39,05756155;40,62167636;40,48125555;41,11519907;41,45412903;41,73412359
IDA blend;IDB;25,02523166;25,51735977;27,90727302;31,27397907;29,97454358;31,03933739;30,99018049;28,7177104;31,29454855;28,85118142;31,87487326;29,27392588;30,22602688;29,78971672;30,01217045
Indonesia;IDN;15,95606751;17,47486519;14,9532883;13,6385363;13,60651781;13,60553286;12,2587772;12,9038839;13,31583247;13,2330616;15,85402492;11,99289052;11,24107732;12,33713525;11,43619698
IDA only;IDX;56,33501939;55,29782238;52,99922617;52,2614084;51,36869703;50,69565194;49,22379221;48,89171035;47,20075917;47,76030672;47,96980839;49,69935133;50,10745525;51,30097056;51,58491729
Isle of Man;IMN;;;2,097902098;1,598332175;1,743264659;0,598251266;0,884955752;0,454447089;0,635930048;0,638257931;0,602530629;0,621740874;1,486988848;0,793650794;0,793650794
India;IND;13,59094803;13,20704353;12,05516116;13,46942476;14,4825005;16,61901808;17,54042472;17,86408569;16,50983374;15,66005525;16,04374444;17,31696286;15,73297336;16,85248182;15,40960915
Ireland;IRL;5,005702699;4,169373173;5,562935233;4,577450625;5,528455285;7,308983064;9,127452427;10,03339678;11,99679016;14,69346877;13,0805388;19,74594162;19,17263035;21,79323177;24,52467832
Iran, Islamic Rep.;IRN;3,037843271;3,910769018;5,72862754;7,229753441;6,394756707;9,080342303;9,544742114;8,887864853;2,423437281;3,369923657;4,163393559;5,122640095;4,985527537;5,707720798;5,195386896
Iraq;IRQ;1,915360502;1,916219652;1,5267401;1,527875794;1,526552098;19,73684211;18,02323862;17,25787526;9,447516808;8,526435385;9,746871677;6,30206111;9,544091442;8,142480572;4,325050171
Iceland;ISL;99,93492972;99,9502054;99,92870722;99,92941176;99,95361243;99,9424361;99,95971803;99,97495199;99,9878545;99,98811928;99,98827598;99,98837952;99,98290501;99,97240009;99,98344554
Israel;ISR;0,072665901;0,045505222;0,07032967;0,091409621;0,082489054;0,080243611;0,049448159;0,0446163;0,056138381;0,179973822;0,290146951;0,50436502;0,768217386;0,931150321;1,514478812
Italy;ITA;18,84819275;19,98867206;17,40880331;16,37080041;18,21338373;16,31821857;16,45644494;15,48072493;18,55119336;24,01893631;25,76035987;27,59472872;31,02039032;38,90534856;43,39160638
Jamaica;JAM;4,844081138;3,455528846;2,249783675;2,518891688;3,283912983;3,691727297;3,947544494;4,969979987;6,13931523;7,366984993;7,685185185;8,726523133;10,92415871;9,842223892;9,772065955
Jordan;JOR;0,569491525;0,67558617;0,750122971;0,625469102;0,691424111;0,673296043;0,539568345;0,569186986;0,534759358;0,483464126;0,494010963;0,450604219;0,421788383;0,370735098;0,362239297
Japan;JPN;9,116049011;8,965438076;8,708705683;10,02210957;9,795827169;8,407113732;9,449098226;8,201786899;8,789326611;9,145716508;10,53764649;11,4700508;11,20194411;12,21411031;14,02759939
Kazakhstan;KAZ;14,67344712;14,21284978;15,23773611;13,50483826;12,03525282;11,57899391;10,84053198;10,66738035;9,287039227;8,739677296;9,706458873;9,10424318;8,231250741;7,505383854;7,877755358
Kenya;KEN;46,9795307;66,59282233;78,0167778;83,61411953;74,98603092;71,66236003;70,34087289;71,60055564;63,13069909;55,29151292;69,06951582;66,87298517;74,77653973;69,28796755;81,48628213
Kyrgyz Republic;KGZ;85,89511754;85,90766079;85,90840463;85,906854;85,8794003;85,8773756;85,8775735;85,87997303;85,87666469;92,18623116;91,80165289;93,27747724;93,47969409;93,47655414;91,2572056
Cambodia;KHM;0,223214286;0,196463654;4,120879121;6,422018349;5,036855037;6,12033195;5,527210884;4,36534587;4,192021636;4,617834395;4,929577465;6,457739791;37,65690377;57,93025872;61,09839817
Kiribati;KIR;0;0;0;0;0;0;0;0;0;0;0;0;0;0;0
St. Kitts and Nevis;KNA;0;0;0;0;0;0;0;0;0;0;2,632794457;2,471910112;3,581267218;4,090909091;4,090909091
Korea, Rep.;KOR;1,424828265;1,377382843;1,041224485;1,492754763;1,26318833;1,044669145;0,99883163;1,069956915;0,985504635;1,037690734;1,245374639;1,438122653;1,335945078;1,632858702;1,566687734
Kuwait;KWT;0;0;0;0;0;0;0;0;0;0;0;0;0;0;0
Latin America & Caribbean (excluding high income);LAC;62,66704476;58,74421372;59,2874389;58,44629132;59,0872828;59,64368105;60,13683823;59,85540921;59,02806463;59,3648055;58,61206418;59,84090653;57,26021047;55,29255524;54,63041648
Lao PDR;LAO;86,76549874;86,57366064;86,24573939;86,14101889;86,69779516;87,10029038;87,29374498;92,23392837;92,80862625;92,2566961;92,0107865;92,1103914;92,1103914;93,2900917;93,15068493
Lebanon;LBN;4,654296673;3,312444047;5,843820031;10,85882728;9,0710294;8,477873237;6,024618585;4,860418744;2,801983173;4,516738073;5,339867617;4,919034525;6,792121948;7,256819352;1,075089127
Liberia;LBR;0;0;0;0;0;0;0;0;0;0;0;0;0;0;0
Libya;LBY;0;0;0;0;0;0;0;0;0;0;0;0;0;0;0
St. Lucia;LCA;0;0;0;0;0;0;0;0;0;0;0;0;0;0;0
Latin America & Caribbean;LCN;60,26267872;56,93649545;57,47835662;56,43202743;56,70914886;57,6009405;58,01550185;57,48081665;56,74197221;57,23368961;56,41058569;57,46240894;54,88103217;53,2083281;53,00740653
Least developed countries: UN classification;LDC;58,95704914;59,60749968;59,21327321;57,033072;54,38809488;54,43708109;53,88819472;54,51804744;52,80025211;53,62831644;54,27232743;54,48996101;51,68232961;51,80201932;51,31021588
Low income;LIC;67,95544522;67,79507423;69,90178814;71,44996459;70,08246378;69,53006742;70,98687154;73,79776552;72,68150974;73,32034657;73,28275136;73,1390862;72,22345259;72,25729944;72,24443435
Liechtenstein;LIE;;;;;;;;95,02074689;94,53781513;94,22535211;94,55696203;94,60580913;95,69266589;96,014068;93,81188119
Sri Lanka;LKA;45,80239863;46,01091284;38,18258784;42,89787455;36,13843352;37,22651223;49;40,06665993;41,53923038;39,29501302;53,11545227;40,8474867;29,24124023;59,8769026;39,20231121
Lower middle income;LMC;20,1490693;20,06077065;18,82523818;19,5074016;19,71805137;20,47406276;20,80100707;20,39095903;20,17117978;19,6370555;20,15843874;20,49264068;19,95348336;20,84967484;19,82508067
Low & middle income;LMY;24,97655053;24,56433774;23,86561457;22,72720203;23,40595498;23,45366814;22,99765689;22,24599487;22,60340107;22,79454127;23,02286286;22,20117302;23,14738642;23,41754023;23,9490612
Lesotho;LSO;100;100;100;100;100;100;100;100;100;100;100;100;100;100;100
Late-demographic dividend;LTE;25,56625143;25,52530672;24,73582574;22,93218842;23,54134688;23,22897684;22,33495826;21,97171444;22,79666389;23,41830908;23,35375122;22,21014772;23,83137987;23,92801241;25,23840753
Lithuania;LTU;3,057279022;2,283804484;2,070082109;1,763331209;2,282423208;3,191120361;3,601887886;4,31328879;4,517145644;4,67117394;18,24189027;26,18935469;26,12055641;36,21262458;40,74973031
Luxembourg;LUX;40,99526066;19,37716263;5,341880342;5,01972033;5,765819042;6,302270012;6,970813262;8,278662918;10,38151137;8,470812183;8,26625387;9,283018868;11,17156329;20,01081666;20,93389297
Latvia;LVA;68,25435203;66,3317757;62,51572327;58,81761006;68,15952229;69,58825927;56,96176651;59,27478516;60,90254077;63,85347459;54,85136563;50,4922875;66,62883087;56,917378;54,54191791
Macao SAR, China;MAC;0;0;0;0;0;0;0;0;0;0;0;0;0;0;0
St. Martin (French part);MAF;;;;;;;;;;;;;;;
Morocco;MAR;6,079452694;7,158048651;6,852641943;10,00723851;10,20615645;6,143079316;5,945428917;6,000904659;5,967898833;13,99385197;17,43409936;10,78941054;8,629961588;14,64795845;12,38781048
Monaco;MCO;;;;;;;;;;;;;;;
Moldova;MDA;6,724937567;6,292772492;6,507854307;6,313850276;6,470992104;6,293823038;6,188443861;6,383338977;6,459647957;5,776056793;6,657942091;6,08365019;4,636332299;6,969494545;6,204447767
Madagascar;MDG;61,12598031;59,61936438;60,2930672;59,76263893;56,23206107;56,40335918;54,35330469;58,84979913;54,94027756;58,17038361;52,28404409;48,0184969;49,68898011;50,73996952;53,27464576
Maldives;MDV;0;0;0;0;0;0;0;0;0;0;0,315654105;0,335008375;0,602006689;0,656023774;0,608069077
Middle East & North Africa;MEA;3,697777086;3,987833883;3,739799878;4,235973028;4,07996403;5,055201323;4,913625407;4,793481701;2,85276245;2,888379069;3,223074392;3,195078417;3,232658903;3,380373703;3,032201149
Mexico;MEX;19,8040598;17,10563209;15,05583789;12,12571491;14,44842434;15,18040189;15,3171678;14,06971132;17,54302582;12,94733225;16,60285189;14,88713113;13,78633636;13,29954326;17,54351633
Marshall Islands;MHL;0;0;0;0;0;0;0;0;0;0;0;0;0,257400257;0,23923445;0,234741784
Middle income;MIC;24,58087248;24,14657853;23,40199231;22,25943178;22,9842271;23,03778274;22,59150708;21,80316299;22,19363561;22,40394859;22,66123972;21,828331;22,79878605;23,10776079;23,63653133
Macedonia, FYR;MKD;17,17809426;9,839673059;12,42817271;20,39180766;22,22888856;21,48308135;23,55124179;15,54324408;13,31009349;18,59988284;33,48484848;21,21615624;16,67198978;26,14046603;24,04168217
Mali;MLI;30,35935564;38,91891892;45,15522107;51,51267375;51,48833467;50,59008655;48,76219055;46,69978708;44,96961512;72,46085602;53,79560688;52,62734992;57,49284404;64,79330305;42,87441124
Malta;MLT;0;0;0;0;0;0;0;0;0;0;0,04730369;0,458926113;1,133391456;1,554864505;3,340757238
Myanmar;MMR;36,96756546;38,85689913;41,65351223;38,24884793;42,93100374;49,81715426;53,9422453;56,55571183;61,4768952;75,47386559;67,67864245;76,18565059;72,36302646;72,04213277;62,36490782
Middle East & North Africa (excluding high income);MNA;6,666510567;7,182112744;6,708335877;7,64673312;7,25981559;9,126256516;8,837360968;8,654294563;5,193250732;5,267679718;5,883084854;5,827386997;5,970157222;6,176915534;5,533249624
Montenegro;MNE;;;;;;65,15363128;59,28184282;59,8880597;54,42008487;75,03623188;68,37394331;45,3313253;51,93389592;63,47275032;55,19848771
Mongolia;MNG;0;0;0;0;0;0;0;0;0;0;0;0;0;1,693227092;3,162202381
Northern Mariana Islands;MNP;0;0;0;0;0;0;0;0;0;0;0;0;0;0;0
Mozambique;MOZ;99,54620462;99,62978544;99,70106986;99,66076831;99,6073075;99,84192699;99,86428717;99,91913411;99,91406095;99,92336261;99,88599544;99,88116459;99,86153238;97,65693186;91,15757439
Mauritania;MRT;0;0;0;0;0;0;0;0;0;0;0;0;0;0;0
Mauritius;MUS;29,64004499;28,72841444;27,58974359;27,23342939;27,34411085;25;22,25531915;22,39350913;23,23034806;23,63213038;24,32130904;20,21237642;20,7007508;20,60249307;20,3135651
Malawi;MWI;84,25774878;85,95649392;85,96800122;87,33428208;85,94777891;85,78923505;85,74679224;86,78871846;89,87224145;90,68945652;91,05522721;90,85165849;91,06789505;91,37024377;91,37024377
Malaysia;MYS;10,05847953;9,929097969;7,144877372;6,443308823;7,086432356;6,28016402;7,172436825;6,656343574;7,628756352;7,005853297;5,992659433;6,714368594;7,383484272;8,57764478;9,707802996
North America;NAC;15,05492992;13,60714039;15,30073996;15,23761237;14,92196035;15,04005168;15,48607542;14,90521252;15,61987175;16,94770068;16,29525141;18,58172201;18,54986537;19,36256674;19,52441529
Namibia;NAM;99,21819474;100;99,58012596;99,85925405;99,12980421;99,75903614;94,14694894;97,84263959;88,74045802;94,56375839;95,55555556;98,18181818;97,80888618;95,56724267;99,13217623
New Caledonia;NCL;27,29483283;21,63100058;18,75357347;18,65756542;20,08343266;18,95910781;16,88034188;22,17030114;26,40646602;22,60104906;15,01302114;18,71026941;20,1582237;20,43930783;13,35092912
Niger;NER;0;0;0;0;0;0,516795866;0,519480519;0,531914894;0,748129676;0,674157303;0,606060606;0;0;0,58910162;0,579710145
Nigeria;NGA;38,21552251;38,21627215;38,21768392;36,90051526;33,40061792;33,00055227;27,10082215;27,09983462;27,10090005;22,90033878;24,40182229;21,76148554;19,71364871;18,43991275;17,59131293
Nicaragua;NIC;21,395151;19,8015873;24,58015267;27,05627706;27,72073922;34,61160275;30,05743459;28,99002494;35,52514133;30,90066609;37,00464608;33,9958159;42,81815927;52,34206101;53,89288929
Netherlands;NLD;3,315817072;3,525404909;4,140402788;4,092214258;5,243345782;7,4508862;8,146064574;7,21057386;8,861759893;9,531097448;9,387943322;10,81228118;12,11446495;11,97511205;11,32104663
Norway;NOR;99,71510971;99,52030463;99,5830774;99,39907565;99,35063166;99,4717476;99,31613074;99,13453626;99,40296182;96,57044259;95,7326474;96,49442114;97,95491121;97,70666267;97,68760815
Nepal;NPL;98,37251356;99,03588645;99,81158738;99,82355536;99,4210091;99,36833794;99,52692868;99,67765043;99,6799431;99,58266453;99,90648379;99,94272623;99,46509009;99,71566676;99,97366342
Nauru;NRU;0;0;0;0;0;0;0;0;0;0,469483568;0,442477876;0,432900433;0,421940928;0,411522634;0,215534446
New Zealand;NZL;71,50100645;63,55503892;69,47746683;65,9955367;71,85742854;64,23617576;64,47869364;65,5717845;64,24106939;71,70736198;73,16382922;76,03958169;71,86398554;74,26094996;79,11739719
OECD members;OED;15,54904355;14,75473566;15,06078247;14,84205336;15,10591585;15,11435125;15,53850879;15,37251359;16,30739608;17,378028;17,70282987;19,0519154;20,02508619;21,26888578;22,09951142
Oman;OMN;0;0;0;0;0;0;0;0;0;0;0;0;0;0;0
Other small states;OSS;22,8418002;22,81769473;22,89437998;21,91612243;21,10518285;22,11643092;23,66374431;25,1492205;28,37417472;29,39349341;28,00233266;26,43216759;26,35165143;26,61717252;24,97090887
Pakistan;PAK;25,24223384;26,15076626;29,52419951;33,33415811;29,97932943;32,96200963;32,53438954;30,00909462;30,32658051;29,46086811;33,70380573;29,98948365;31,06059818;31,00618779;30,22173686
Panama;PAN;70,43175772;49,21935988;64,59474778;51,00430416;66,01284499;64,3041016;60,17699115;57,69826518;62,07003891;56,68835864;57,1041582;52,68473536;62,93153551;57,92587631;55,79842791
Peru;PER;81,98754645;85,52314949;82,91406996;81,70912581;72,88806432;72,26950076;73,29483149;66,7100999;60,13259328;60,59096845;57,7208136;56,76006425;55,23315543;53,88025584;52,19320403
Philippines;PHL;42,89026275;37,2922423;35,64280851;33,41896487;33,73125793;32,3651599;36,02838878;31,59987251;33,9159172;32,58506807;26,29830829;28,65589222;28,44448101;26,40368825;25,59731822
Palau;PLW;0;0;0;0;0;0;0;0;0;0;0;0;0;0;0
Papua New Guinea;PNG;47,07121787;34,64830666;32,27036395;29,23222152;24,36801881;32,72251309;39,33691756;51,12277632;50,56980057;51,2908778;49,60066097;49,45444626;48,53878852;44,11129767;44,11129767
Poland;POL;1,62878735;1,936390646;1,941768012;1,499910005;2,102261554;2,476200285;2,669129905;3,420235448;4,271217116;5,742418327;6,931102751;8,053678932;10,43775624;10,40531148;12,51861105
Pre-demographic dividend;PRE;46,34357585;48,38021485;47,99710991;49,80693576;47,11091723;52,55442911;50,6232263;51,18763356;47,66174671;47,98482647;46,95364615;44,30584509;45,34992851;42,79358615;41,38198994
Puerto Rico;PRI;0,733473916;0,941619586;0,949257853;1,086184568;0,571783717;0,552840317;0,569206718;0,665692483;0,674828049;0,729393033;0,565171318;0,664225988;0,562609729;1,078508026;1,630638745
Korea, Dem. People’s Rep.;PRK;52,57731959;52,47524752;53,70145631;55,81483951;56,88799891;57,31494413;56,25139291;61,70143567;60,62486533;59,16599612;61,85376662;68,65702694;70,18091079;75,82369627;72,58920096
Portugal;PRT;29,66891082;34,09504419;21,32092004;38,05378216;27,47005153;17,88343293;32,36577734;34,58290686;32,19194652;36,96495695;52,80773314;46,47510022;42,50043883;58,31915146;60,740199
Paraguay;PRY;100;100;100;100;100;100;100;100;100;100;99,99815041;99,99826464;99,99501951;99,99503155;99,98914656
West Bank and Gaza;PSE;0;0;0;0;0;0;0;0;0;0;0;0;0;0;0
Pacific island small states;PSS;36,21821058;38,75983844;36,75735615;27,71270735;28,89350793;26,9081788;27,18536542;38,99957621;40,31509467;37,31971478;33,07611538;36,42046979;41,42467367;39,49482361;30,64134893
Post-demographic dividend;PST;15,13144036;14,38603399;14,60690457;14,48372865;14,64457203;14,6795222;15,05441129;14,96612734;15,840382;17,01529238;17,21562494;18,54539025;19,52662394;20,92020726;21,72479632
French Polynesia;PYF;33,33333333;24,02826855;22,68041237;26,0051495;28,01912908;28,51236133;30,45814307;32,4231441;29,79171848;29,10687703;34,20441298;29,98566015;28,02489944;27,16119062;31,71712689
Qatar;QAT;0;0;0;0;0;0;0;0;0;0;0;0;0;0;0
Romania;ROU;28,45534717;27,70393198;29,32127524;24,05150526;29,23414574;34,02117382;29,28369778;25,94976732;26,51641111;26,93579952;33,48785034;26,31494056;25,39558308;34,42155255;41,6060857
Russian Federation;RUS;18,72960564;19,56702383;18,26085783;17,07669458;18,95623747;18,20252976;17,49382461;17,52064093;15,91410503;17,64404648;16,12058881;15,80302393;15,56373111;17,17463022;16,5682512
Rwanda;RWA;96,46017699;97,79789899;98;98,3277592;58,66388309;55,77249576;22,49560633;25,63172531;37,06940874;39,81481481;39,84347207;43,21273517;46,18320611;35,85088356;39,02541483
South Asia;SAS;15,42246951;15,24930095;14,54301991;16,22257333;16,55131952;18,77667525;19,68432769;19,63285494;18,41713925;17,45449283;18,17933246;18,71975998;17,19476415;18,44019911;16,80210864
Saudi Arabia;SAU;0;0;0;0;0;0;0;0;0;0;0;0;0,00036808;0,000352092;0,000320712
Sudan;SDN;46,04904632;44,64788732;41,61008729;34,67501491;31,92962215;32,95870361;30,3030303;28,89862577;26,57101344;49,73039593;82,70436058;76,48728563;70,14624841;80,8537534;78,34915612
Senegal;SEN;3,304239401;3,276955603;12,91585127;18,34264432;14,92932862;12,6572327;11,84911849;8,320783133;9,777138749;10,21693492;10,72821847;10,69501745;9,826086957;10,41842179;10,43175114
Singapore;SGP;0,773724933;1,429478074;1,364528041;1,400996264;1,301241477;1,250883207;1,209370722;1,183964214;1,258479756;1,298260089;1,305085867;1,327741319;1,358284899;1,546832329;1,662616444
Solomon Islands;SLB;0;0;0;0;0;0;0;0;0;0;0;0;0;0;0
Sierra Leone;SLE;16,57866948;10,95890411;10,26785714;11,14206128;14,10684474;22,48803828;10,19417476;30;69,01481524;66,66085757;87,38205474;87,37759053;66,09951307;64,10973904;65,35694521
El Salvador;SLV;58,06929227;54,18468583;51,38587611;57,25587703;54,64238116;58,24175824;57,38284704;56,20375151;62,51675603;56,30179558;65,04010695;62,92947559;60,23729357;60,4432398;59,69789491
San Marino;SMR;;;;;;;;;;;;;;;
Somalia;SOM;0;0;0;0;0;0;0;0;0;0;0;0;0;0;0
Serbia;SRB;35,14938489;35,43979505;33,51397604;27,85443646;29,50963222;32,98788178;30,05674187;27,46101231;25,96725584;27,94612795;31,77457713;22,79349884;25,68908794;26,06368063;32,98451235
Sub-Saharan Africa (excluding high income);SSA;20,60084507;21,94987222;22,01547978;20,63244603;20,89726409;21,29376815;21,55577976;20,62899331;21,42513526;22,65391028;23,74737679;23,77241426;23,87102696;24,4158669;26,389885
South Sudan;SSD;;;;;;;;;;;;;0,449438202;0,423728814;0,409836066
Sub-Saharan Africa;SSF;20,58786566;21,93606697;22,00064456;20,61865838;20,88395855;21,28017481;21,54126889;20,61458037;21,41011414;22,63747544;23,72966358;23,75384244;23,85183789;24,39725527;26,36978947
Small states;SST;19,73725796;19,6772303;19,6177245;18,51779173;17,99579132;18,74021915;20,48635023;22,30093859;25,58490974;26,40002922;25,28974428;23,9472569;24,04481714;24,2801988;22,81095873
Sao Tome and Principe;STP;26,05363985;18,18181818;19,36507937;22,89855072;16,62198391;10,14492754;18,60465116;22,22222222;16,84210526;13,46153846;8,391608392;10;10,44776119;10,44776119;10,44776119
Suriname;SUR;88,39590444;86,63967611;79,3768546;72,6109857;65,60056859;52,70092227;66,88396349;74,14790997;77,94544399;76,7816092;70,18561485;60,6355715;63,23529412;59,93589744;62,33944954
Slovak Republic;SVK;14,98473927;15,94989955;16,82602757;11,55683212;13,54563362;14,91451901;15,36910819;17,68966012;15,86578581;18,94749026;21,62831343;17,6718043;19,32363739;22,28028337;22,94459997
Slovenia;SVN;28,65531415;26,73855938;23,38676531;22,27930535;27,60133587;23,64887213;24,49884221;22,46227481;26,26989451;29,9152594;29,21562596;24,37951618;27,84280936;32,32336011;38,51890695
Sweden;SWE;57,24673107;51,5616201;48,49693252;43,38265167;44,94933179;51,29416222;49,6007984;52,02690444;54,30904506;58,41995842;55,30176479;55,94460048;59,06774977;54,03349648;55,83768577
Swaziland;SWZ;40,94102619;45,24985187;43,09287074;31,18661258;29,19605078;39,09313725;35,73911453;38,11663143;37,05419176;47,42128646;51,47124506;50,94431881;43,79221615;40,65785012;53,2627866
Sint Maarten (Dutch part);SXM;;;;;;;;;;;;;0;0;0
Seychelles;SYC;0;0;0;0;0;0;0;0;0;0;0;0;0;1,962057478;2,149944873
Syrian Arab Republic;SYR;12,81278503;12,76579814;8,749509156;9,338705854;13,01555632;12,38013454;10,58123005;9,000569329;6,993637715;4,308672763;5,584642234;7,813875997;9,746477177;12,03224642;13,80834024
Turks and Caicos Islands;TCA;0;0;0;0;0;0;0;0;0;0;0;0;0;0;0
Chad;TCD;0;0;0;0;0;0;0;0;0;0;0;0;0;0;0
East Asia & Pacific (IDA & IBRD countries);TEA;17,33338415;19,18976594;17,76174122;15,42621201;16,23914819;16,07079359;15,71809554;15,40497408;17,65112243;17,7615299;18,22449662;16,87033405;19,80797002;20,10261742;22,15938483
Europe & Central Asia (IDA & IBRD countries);TEC;18,16054388;18,02021195;17,83591338;16,956084;18,985764;18,41685023;17,70839503;16,53107794;15,85585755;17,56446771;18,42563796;16,96799245;17,29151047;19,20246373;18,18029561
Togo;TGO;57,14285714;40,6504065;57,23684211;70,45454545;44,62365591;40,21164021;42,53393665;52,04081633;75,6097561;75;54,18994413;86,71875;84,68468468;81,72043011;88,02816901
Thailand;THA;6,811006804;6,636399141;7,484428463;7,224981408;5,823729191;5,544755176;6,917155584;6,91389195;6,597886397;6,897179131;5,60988453;8,047900199;8,390870733;8,277930019;9,083055445
Tajikistan;TJK;98,44177722;98,77624809;99,0981571;98,95208674;99,07828513;99,28028087;98,61824624;97,82782668;97,85099399;98,65359558;99,78703985;99,76598103;99,56403912;99,74291557;97,13453133
Turkmenistan;TKM;0;0;0;0;0;0;0;0;0;0;0;0;0;0;0
Latin America & the Caribbean (IDA & IBRD countries);TLA;62,81978374;59,413017;59,99090252;58,83936395;59,03492891;59,93705752;60,34198241;59,73524613;58,80443645;59,3107523;58,34677719;59,30968918;56,60089102;54,81694887;54,5595682
Timor-Leste;TLS;;;0;0;0;0;0;0;0;0;0;0;0;0;0
Middle East & North Africa (IDA & IBRD countries);TMN;6,667135008;7,182815009;6,710916544;7,65314747;7,266346265;9,136022612;8,843458574;8,661112444;5,197197425;5,272211129;5,887490408;5,832493208;5,974242609;6,181636727;5,535801637
Tonga;TON;0;0;0;0;0;0;0;0;0;0;0;0;0;3,845215989;4,578361834
South Asia (IDA & IBRD);TSA;15,42246951;15,24930095;14,54301991;16,22257333;16,55131952;18,77667525;19,68432769;19,63285494;18,41713925;17,45449283;18,17933246;18,71975998;17,19476415;18,44019911;16,80210864
Sub-Saharan Africa (IDA & IBRD countries);TSS;20,58786566;21,93606697;22,00064456;20,61865838;20,88395855;21,28017481;21,54126889;20,61458037;21,41011414;22,63747544;23,72966358;23,75384244;23,85183789;24,39725527;26,36978947
Trinidad and Tobago;TTO;0,366367467;0,513819986;0,460666194;0,186422246;0,357698289;0,311703032;0,625869263;0,247524752;0,258698745;0,242254239;0;0;0;0;0
Tunisia;TUN;0,821064553;0,684691011;0,793851871;1,762621789;1,658291457;1,476976542;0,995329607;0,66962661;0,48040103;1,153947023;1,160517957;1,000181851;1,721942307;2,333931777;3,090832632
Turkey;TUR;24,93876179;19,83784885;26,2488408;25,29431431;30,73099842;24,54246832;25,25368834;19,0318337;17,34772047;19,57836273;26,37778872;25,32684084;27,23051742;28,8231718;20,88719375
Tuvalu;TUV;0;0;0;0;0;0;0;0;0;0;0;0;0;0;0
Tanzania;TZA;86,36731392;94,7935368;96,24911536;95,86310643;60,24565608;50,0140647;41,67633411;60,37284895;60,42378674;55,78991774;51,6875237;39,79972511;32,18822687;29,50681703;42,2897572
Uganda;UGA;99,60814056;99,61709486;99,64514652;99,65597603;99,88672639;96,38490165;76,67079208;72,29902714;70,25862069;58,59165885;65,33794788;65,34003091;65,34075842;68,02055297;78,60146729
Ukraine;UKR;6,58613059;6,972101179;5,559076349;5,143500843;6,474756908;6,670324291;6,686746053;5,337650088;6,138037033;6,979650845;7,100814491;5,744638286;5,663354557;7,800997388;5,585474688
Upper middle income;UMC;26,00039555;25,459221;24,85222301;23,10731277;23,96207026;23,78761085;23,10247055;22,19325836;22,74165434;23,16662012;23,33701876;22,1864515;23,56311028;23,70789081;24,66790061
Uruguay;URY;93,38429099;99,79459459;99,67725143;99,87177993;81,5847645;87,50325436;64,87448816;87,05707617;60,90774319;68,73801737;87,6216462;72,04176334;61,74388978;80,87806551;90,91537929
United States;USA;8,205996942;6,783992314;8,646361178;8,889376121;8,630185532;8,578465534;9,244631183;8,367763936;9,003541347;10,29184507;10,12035515;12,22571352;12,00739706;12,63791912;12,95382709
Uzbekistan;UZB;12,54481052;12,54560997;12,54512269;15,42510121;18,02;17,54065041;17,98900236;13,07456588;22,99595142;18,67867868;20,9787234;19,54198473;21,35238095;21,32841328;21,35379061
St. Vincent and the Grenadines;VCT;26,55246253;18,72469636;21,61100196;19,13123845;22,45236123;19,36218679;17,274758;16,08788094;17,02586207;17,14285714;17,14890614;21,50330396;21,50330396;22;21,99717381
Venezuela, RB;VEN;73,74840215;67,06798788;64,81513739;65,83572609;71,10459453;73,28342063;73,89831736;72,72225822;72,79395123;71,88660311;67,49000132;70,9302227;67,41140786;67,8345242;68,26323866
British Virgin Islands;VGB;0;0;0;0;0;0;0;0;0;0;0;0;0;0;0
Virgin Islands (U.S.);VIR;0;0;0;0;0;0;0;0;0;0;0;0,069066509;0,075270061;0,080067564;0,765605376
Vietnam;VNM;54,78332894;59,49424987;50,83808247;46,39218082;38,55958796;31,67399732;33,84358521;34,49438873;35,48149763;36,13225128;29,14028008;39,46018141;45,01921899;41,66200202;41,6498123
Vanuatu;VUT;0;0;0;3;3,00245098;3,003604325;3,003533569;3,002309469;18,98936945;18,98936945;19,11807369;15,91680189;15,3674833;15,06646972;15,31531532
World;WLD;18,33247347;17,8688251;17,78813664;17,37619532;17,8054605;17,95229947;18,11280189;17,87544809;18,54967514;19,32868062;19,56337971;19,9331194;20,89085677;21,66894032;22,34902703
Samoa;WSM;49,57081545;44,49499545;50,0393391;47,82608696;47,34848485;46,15384615;45,25862069;45,03816794;40,66390041;34,30851064;41,04991394;30,87719298;31,39931741;29,51907131;29,51907131
Kosovo;XKX;1,75853906;1,390374332;1,399730821;1,432506887;2,768250857;2,512337371;2,277852954;1,944157187;1,472297559;2,411575563;3,037925697;1,810032753;1,615345785;2,191570881;2,777777778
Yemen, Rep.;YEM;0;0;0;0;0;0;0;0;0;0;0;0;0;0;0
South Africa;ZAF;0,677453966;1,101007335;1,208799253;0,417733343;0,508031378;0,664724959;1,267286158;0,442610365;0,587431854;0,693231773;0,947991023;0,918420809;0,617465567;0,686040633;1,390141539
Zambia;ZMB;99,38445755;99,37051492;99,37446339;99,37417258;99,43582511;99,40689346;99,86573022;99,8755574;99,87413468;99,87870211;99,87557427;99,86954253;99,85446313;99,85714286;97,16302242
Zimbabwe;ZWE;45,66118656;37,50316216;44,35775009;60,73417434;56,6004733;52,43225944;67,88312014;71,57313707;75,89508197;75,64120148;68,00923254;57,85590278;60,39334999;53,93939394;55,62206924